epoch,phase,avg_ms,total_ms,peak_vram_mb,vram_delta_mb,loader_starvation_ms,nccl_ms,gpu_util_pct
0,data_to_gpu,1.48,17.82,138.9,16.0,1296.9,8.0,94.0
0,forward,712.68,8552.13,19576.8,24811.2,1296.9,8.0,94.0
0,backward,2098.03,25176.38,19941.7,-24782.8,1296.9,8.0,94.0
0,optimizer,14.63,175.58,152.1,42.4,1296.9,8.0,94.0
0,val_forward,85.14,255.42,3038.4,40.0,1296.9,8.0,94.0
0,val_metrics,65.00,194.99,204.9,0.0,1296.9,8.0,94.0
1,data_to_gpu,1.38,16.60,138.9,16.0,1032.4,3.9,75.1
1,forward,84.26,1011.15,3906.4,24812.0,1032.4,3.9,75.1
1,backward,332.09,3985.14,6212.4,-24803.0,1032.4,3.9,75.1
1,optimizer,4.03,48.38,152.1,0.0,1032.4,3.9,75.1
1,val_forward,84.84,254.51,3039.4,40.0,1032.4,3.9,75.1
1,val_metrics,2.52,7.56,204.9,0.0,1032.4,3.9,75.1
2,data_to_gpu,1.61,19.33,138.9,16.0,783.3,6.4,21.7
2,forward,85.49,1025.85,3906.4,24812.0,783.3,6.4,21.7
2,backward,398.28,4779.33,6212.4,-24805.0,783.3,6.4,21.7
2,optimizer,7.66,91.87,152.1,0.0,783.3,6.4,21.7
2,val_forward,85.67,257.00,3038.4,40.0,783.3,6.4,21.7
2,val_metrics,3.54,10.61,204.0,0.0,783.3,6.4,21.7
3,data_to_gpu,1.48,17.77,138.9,16.0,1562.2,3.4,64.0
3,forward,84.24,1010.85,3906.4,24812.0,1562.2,3.4,64.0
3,backward,219.39,2632.64,6212.4,-24804.0,1562.2,3.4,64.0
3,optimizer,4.24,50.91,152.1,0.0,1562.2,3.4,64.0
3,val_forward,84.93,254.80,3038.4,40.0,1562.2,3.4,64.0
3,val_metrics,2.35,7.04,204.0,0.0,1562.2,3.4,64.0
4,data_to_gpu,1.45,17.38,138.0,16.0,1603.3,3.4,69.8
4,forward,84.27,1011.25,3905.4,24812.0,1603.3,3.4,69.8
4,backward,333.69,4004.31,6212.4,-24804.0,1603.3,3.4,69.8
4,optimizer,4.31,51.74,152.1,0.0,1603.3,3.4,69.8
4,val_forward,84.54,253.63,3038.4,40.0,1603.3,3.4,69.8
4,val_metrics,2.39,7.17,204.0,0.0,1603.3,3.4,69.8
5,data_to_gpu,1.40,16.76,138.0,16.0,1610.1,3.6,67.2
5,forward,84.22,1010.67,3905.4,24812.0,1610.1,3.6,67.2
5,backward,276.15,3313.79,6212.4,-24804.0,1610.1,3.6,67.2
5,optimizer,4.08,48.97,152.1,0.0,1610.1,3.6,67.2
5,val_forward,85.36,256.07,3038.4,40.0,1610.1,3.6,67.2
5,val_metrics,2.57,7.71,204.0,0.0,1610.1,3.6,67.2
6,data_to_gpu,1.25,14.98,138.0,16.0,986.4,4.3,78.4
6,forward,84.14,1009.68,3905.4,24812.0,986.4,4.3,78.4
6,backward,369.51,4434.16,6212.4,-24804.0,986.4,4.3,78.4
6,optimizer,4.15,49.86,152.1,0.0,986.4,4.3,78.4
6,val_forward,84.90,254.71,3038.4,40.0,986.4,4.3,78.4
6,val_metrics,2.83,8.48,204.0,0.0,986.4,4.3,78.4
7,data_to_gpu,1.49,17.83,138.0,16.0,3187.8,3.8,50.9
7,forward,84.15,1009.80,3905.4,24812.0,3187.8,3.8,50.9
7,backward,219.27,2631.27,6212.4,-24804.0,3187.8,3.8,50.9
7,optimizer,4.04,48.43,152.1,0.0,3187.8,3.8,50.9
7,val_forward,84.59,253.77,3038.4,40.0,3187.8,3.8,50.9
7,val_metrics,2.36,7.09,204.0,0.0,3187.8,3.8,50.9
8,data_to_gpu,1.22,14.67,138.0,16.0,1952.5,4.2,65.2
8,forward,84.27,1011.28,3905.4,24812.0,1952.5,4.2,65.2
8,backward,298.77,3585.29,6212.4,-24804.0,1952.5,4.2,65.2
8,optimizer,4.54,54.43,152.1,0.0,1952.5,4.2,65.2
8,val_forward,84.97,254.90,3038.4,40.0,1952.5,4.2,65.2
8,val_metrics,2.92,8.77,204.0,0.0,1952.5,4.2,65.2
9,data_to_gpu,1.36,16.33,138.0,16.0,3012.7,4.0,52.0
9,forward,84.13,1009.54,3905.4,24812.0,3012.7,4.0,52.0
9,backward,219.75,2637.00,6212.4,-24804.0,3012.7,4.0,52.0
9,optimizer,4.53,54.35,152.1,0.0,3012.7,4.0,52.0
9,val_forward,84.88,254.63,3038.4,40.0,3012.7,4.0,52.0
9,val_metrics,3.67,11.01,204.0,0.0,3012.7,4.0,52.0
10,data_to_gpu,1.30,15.58,138.0,16.0,797.9,5.3,77.6
10,forward,84.27,1011.28,3905.4,24812.0,797.9,5.3,77.6
10,backward,294.01,3528.14,6212.4,-24804.0,797.9,5.3,77.6
10,optimizer,4.52,54.24,152.1,0.0,797.9,5.3,77.6
10,val_forward,85.02,255.06,3038.4,40.0,797.9,5.3,77.6
10,val_metrics,2.67,8.00,204.0,0.0,797.9,5.3,77.6
11,data_to_gpu,1.30,15.56,138.0,16.0,841.3,4.1,79.8
11,forward,84.16,1009.89,3905.4,24812.0,841.3,4.1,79.8
11,backward,394.10,4729.24,6212.4,-24804.0,841.3,4.1,79.8
11,optimizer,4.29,51.42,152.1,0.0,841.3,4.1,79.8
11,val_forward,84.70,254.11,3038.4,40.0,841.3,4.1,79.8
11,val_metrics,2.39,7.17,204.0,0.0,841.3,4.1,79.8
12,data_to_gpu,1.33,15.97,138.0,16.0,791.2,4.4,78.2
12,forward,84.26,1011.11,3905.4,24812.0,791.2,4.4,78.2
12,backward,319.53,3834.39,6212.4,-24804.0,791.2,4.4,78.2
12,optimizer,4.57,54.79,152.1,0.0,791.2,4.4,78.2
12,val_forward,84.63,253.89,3038.4,40.0,791.2,4.4,78.2
12,val_metrics,2.45,7.34,204.0,0.0,791.2,4.4,78.2
13,data_to_gpu,1.41,16.96,138.0,16.0,1690.4,4.1,67.1
13,forward,84.19,1010.27,3905.4,24812.0,1690.4,4.1,67.1
13,backward,278.40,3340.74,6212.4,-24804.0,1690.4,4.1,67.1
13,optimizer,4.38,52.51,152.1,0.0,1690.4,4.1,67.1
13,val_forward,84.66,253.99,3038.4,40.0,1690.4,4.1,67.1
13,val_metrics,2.59,7.78,204.0,0.0,1690.4,4.1,67.1
14,data_to_gpu,1.48,17.79,138.0,16.0,854.5,4.9,78.8
14,forward,84.16,1009.91,3905.4,24812.0,854.5,4.9,78.8
14,backward,335.21,4022.47,6212.4,-24804.0,854.5,4.9,78.8
14,optimizer,4.25,51.04,152.1,0.0,854.5,4.9,78.8
14,val_forward,84.99,254.98,3038.4,40.0,854.5,4.9,78.8
14,val_metrics,2.52,7.57,204.0,0.0,854.5,4.9,78.8
15,data_to_gpu,1.49,17.91,138.0,16.0,1503.7,3.9,70.6
15,forward,84.16,1009.93,3905.4,24812.0,1503.7,3.9,70.6
15,backward,306.60,3679.22,6212.4,-24804.0,1503.7,3.9,70.6
15,optimizer,4.29,51.47,152.1,0.0,1503.7,3.9,70.6
15,val_forward,84.96,254.88,3038.4,40.0,1503.7,3.9,70.6
15,val_metrics,3.04,9.11,204.0,0.0,1503.7,3.9,70.6
16,data_to_gpu,1.30,15.60,138.0,16.0,1479.4,4.7,71.1
16,forward,84.17,1010.09,3905.4,24812.0,1479.4,4.7,71.1
16,backward,312.66,3751.86,6212.4,-24804.0,1479.4,4.7,71.1
16,optimizer,4.22,50.69,152.1,0.0,1479.4,4.7,71.1
16,val_forward,84.60,253.80,3038.4,40.0,1479.4,4.7,71.1
16,val_metrics,2.42,7.27,204.0,0.0,1479.4,4.7,71.1
17,data_to_gpu,1.51,18.11,138.0,16.0,1514.5,4.1,68.7
17,forward,84.29,1011.48,3905.4,24812.0,1514.5,4.1,68.7
17,backward,282.41,3388.97,6212.4,-24804.0,1514.5,4.1,68.7
17,optimizer,4.79,57.48,152.1,0.0,1514.5,4.1,68.7
17,val_forward,84.81,254.42,3038.4,40.0,1514.5,4.1,68.7
17,val_metrics,2.35,7.05,204.0,0.0,1514.5,4.1,68.7
18,data_to_gpu,1.39,16.69,138.0,16.0,1585.7,3.2,68.1
18,forward,84.19,1010.23,3905.4,24812.0,1585.7,3.2,68.1
18,backward,271.49,3257.88,6212.4,-24804.0,1585.7,3.2,68.1
18,optimizer,4.27,51.26,152.1,0.0,1585.7,3.2,68.1
18,val_forward,84.66,253.99,3038.4,40.0,1585.7,3.2,68.1
18,val_metrics,2.42,7.26,204.0,0.0,1585.7,3.2,68.1
19,data_to_gpu,1.44,17.27,138.0,16.0,2419.2,4.0,59.4
19,forward,84.16,1009.93,3905.4,24812.0,2419.2,4.0,59.4
19,backward,257.41,3088.89,6212.4,-24804.0,2419.2,4.0,59.4
19,optimizer,4.03,48.34,152.1,0.0,2419.2,4.0,59.4
19,val_forward,84.66,253.97,3038.4,40.0,2419.2,4.0,59.4
19,val_metrics,2.35,7.04,204.0,0.0,2419.2,4.0,59.4
20,data_to_gpu,1.24,14.84,138.0,16.0,947.1,4.5,77.7
20,forward,84.20,1010.41,3905.4,24812.0,947.1,4.5,77.7
20,backward,343.07,4116.88,6212.4,-24804.0,947.1,4.5,77.7
20,optimizer,4.62,55.48,152.1,0.0,947.1,4.5,77.7
20,val_forward,84.84,254.52,3038.4,40.0,947.1,4.5,77.7
20,val_metrics,2.38,7.15,204.0,0.0,947.1,4.5,77.7
21,data_to_gpu,1.25,15.02,138.0,16.0,2388.2,3.9,56.7
21,forward,84.22,1010.62,3905.4,24812.0,2388.2,3.9,56.7
21,backward,219.03,2628.36,6212.4,-24804.0,2388.2,3.9,56.7
21,optimizer,4.42,53.06,152.1,0.0,2388.2,3.9,56.7
21,val_forward,84.62,253.87,3038.4,40.0,2388.2,3.9,56.7
21,val_metrics,2.47,7.40,204.0,0.0,2388.2,3.9,56.7
22,data_to_gpu,1.33,15.91,138.0,16.0,962.6,3.4,76.6
22,forward,84.19,1010.29,3905.4,24812.0,962.6,3.4,76.6
22,backward,325.41,3904.94,6212.4,-24804.0,962.6,3.4,76.6
22,optimizer,4.40,52.79,152.1,0.0,962.6,3.4,76.6
22,val_forward,84.90,254.71,3038.4,40.0,962.6,3.4,76.6
22,val_metrics,2.37,7.11,204.0,0.0,962.6,3.4,76.6
23,data_to_gpu,1.28,15.41,138.0,16.0,834.2,4.3,79.6
23,forward,84.34,1012.05,3905.4,24812.0,834.2,4.3,79.6
23,backward,365.44,4385.25,6212.4,-24804.0,834.2,4.3,79.6
23,optimizer,4.62,55.43,152.1,0.0,834.2,4.3,79.6
23,val_forward,84.61,253.84,3038.4,40.0,834.2,4.3,79.6
23,val_metrics,2.94,8.81,204.0,0.0,834.2,4.3,79.6
24,data_to_gpu,1.37,16.49,138.0,16.0,2433.2,4.1,59.4
24,forward,84.14,1009.66,3905.4,24812.0,2433.2,4.1,59.4
24,backward,260.18,3122.15,6212.4,-24804.0,2433.2,4.1,59.4
24,optimizer,4.28,51.37,152.1,0.0,2433.2,4.1,59.4
24,val_forward,84.61,253.83,3038.4,40.0,2433.2,4.1,59.4
24,val_metrics,2.45,7.35,204.0,0.0,2433.2,4.1,59.4
25,data_to_gpu,1.50,18.01,138.0,16.0,764.5,5.0,79.7
25,forward,84.37,1012.49,3905.4,24812.0,764.5,5.0,79.7
25,backward,333.86,4006.28,6212.4,-24804.0,764.5,5.0,79.7
25,optimizer,4.54,54.49,152.1,0.0,764.5,5.0,79.7
25,val_forward,84.70,254.09,3038.4,40.0,764.5,5.0,79.7
25,val_metrics,2.63,7.88,204.0,0.0,764.5,5.0,79.7
26,data_to_gpu,1.40,16.84,138.0,16.0,3040.8,3.9,52.0
26,forward,84.12,1009.41,3905.4,24812.0,3040.8,3.9,52.0
26,backward,219.02,2628.24,6212.4,-24804.0,3040.8,3.9,52.0
26,optimizer,4.04,48.44,152.1,0.0,3040.8,3.9,52.0
26,val_forward,84.87,254.61,3038.4,40.0,3040.8,3.9,52.0
26,val_metrics,2.36,7.07,204.0,0.0,3040.8,3.9,52.0
27,data_to_gpu,1.38,16.62,138.0,16.0,753.2,4.5,78.2
27,forward,84.33,1012.01,3905.4,24812.0,753.2,4.5,78.2
27,backward,292.26,3507.10,6212.4,-24804.0,753.2,4.5,78.2
27,optimizer,4.54,54.42,152.1,0.0,753.2,4.5,78.2
27,val_forward,84.61,253.84,3038.4,40.0,753.2,4.5,78.2
27,val_metrics,2.33,6.99,204.0,0.0,753.2,4.5,78.2
28,data_to_gpu,1.33,15.92,138.0,16.0,958.4,4.1,78.7
28,forward,84.15,1009.77,3905.4,24812.0,958.4,4.1,78.7
28,backward,373.71,4484.57,6212.4,-24804.0,958.4,4.1,78.7
28,optimizer,4.09,49.14,152.1,0.0,958.4,4.1,78.7
28,val_forward,84.92,254.76,3038.4,40.0,958.4,4.1,78.7
28,val_metrics,2.33,6.98,204.0,0.0,958.4,4.1,78.7
29,data_to_gpu,1.40,16.79,138.0,16.0,753.5,4.2,81.5
29,forward,84.17,1010.02,3905.4,24812.0,753.5,4.2,81.5
29,backward,397.92,4775.01,6212.4,-24804.0,753.5,4.2,81.5
29,optimizer,4.38,52.60,152.1,0.0,753.5,4.2,81.5
29,val_forward,84.88,254.63,3038.4,40.0,753.5,4.2,81.5
29,val_metrics,2.33,6.99,204.0,0.0,753.5,4.2,81.5
30,data_to_gpu,1.24,14.89,138.0,16.0,831.8,5.0,79.7
30,forward,84.18,1010.21,3905.4,24812.0,831.8,5.0,79.7
30,backward,354.17,4250.03,6212.4,-24804.0,831.8,5.0,79.7
30,optimizer,4.20,50.46,152.1,0.0,831.8,5.0,79.7
30,val_forward,84.67,254.00,3038.4,40.0,831.8,5.0,79.7
30,val_metrics,2.58,7.74,204.0,0.0,831.8,5.0,79.7
31,data_to_gpu,1.45,17.40,138.0,16.0,1008.5,4.1,75.0
31,forward,84.16,1009.87,3905.4,24812.0,1008.5,4.1,75.0
31,backward,298.27,3579.22,6212.4,-24804.0,1008.5,4.1,75.0
31,optimizer,4.30,51.55,152.1,0.0,1008.5,4.1,75.0
31,val_forward,84.90,254.71,3038.4,40.0,1008.5,4.1,75.0
31,val_metrics,2.34,7.02,204.0,0.0,1008.5,4.1,75.0
32,data_to_gpu,1.39,16.64,138.0,16.0,1136.8,3.7,74.2
32,forward,84.14,1009.72,3905.4,24812.0,1136.8,3.7,74.2
32,backward,314.08,3768.97,6212.4,-24804.0,1136.8,3.7,74.2
32,optimizer,4.18,50.18,152.1,0.0,1136.8,3.7,74.2
32,val_forward,84.85,254.55,3038.4,40.0,1136.8,3.7,74.2
32,val_metrics,2.34,7.02,204.0,0.0,1136.8,3.7,74.2
33,data_to_gpu,1.29,15.45,138.0,16.0,1034.1,3.8,76.4
33,forward,84.17,1010.01,3905.4,24812.0,1034.1,3.8,76.4
33,backward,328.96,3947.48,6212.4,-24804.0,1034.1,3.8,76.4
33,optimizer,4.25,51.00,152.1,0.0,1034.1,3.8,76.4
33,val_forward,84.70,254.09,3038.4,40.0,1034.1,3.8,76.4
33,val_metrics,2.28,6.84,204.0,0.0,1034.1,3.8,76.4
34,data_to_gpu,1.49,17.92,138.0,16.0,2523.0,5.2,58.3
34,forward,84.13,1009.58,3905.4,24812.0,2523.0,5.2,58.3
34,backward,251.70,3020.42,6212.4,-24804.0,2523.0,5.2,58.3
34,optimizer,4.05,48.62,152.1,0.0,2523.0,5.2,58.3
34,val_forward,84.79,254.38,3038.4,40.0,2523.0,5.2,58.3
34,val_metrics,2.36,7.08,204.0,0.0,2523.0,5.2,58.3
35,data_to_gpu,1.30,15.63,138.0,16.0,3036.9,4.2,52.3
35,forward,84.21,1010.48,3905.4,24812.0,3036.9,4.2,52.3
35,backward,219.31,2631.74,6212.4,-24804.0,3036.9,4.2,52.3
35,optimizer,4.63,55.61,152.1,0.0,3036.9,4.2,52.3
35,val_forward,84.80,254.40,3038.4,40.0,3036.9,4.2,52.3
35,val_metrics,2.31,6.92,204.0,0.0,3036.9,4.2,52.3
36,data_to_gpu,1.44,17.32,138.0,16.0,1000.3,4.1,78.2
36,forward,84.13,1009.62,3905.4,24812.0,1000.3,4.1,78.2
36,backward,377.69,4532.23,6212.4,-24804.0,1000.3,4.1,78.2
36,optimizer,4.12,49.42,152.1,0.0,1000.3,4.1,78.2
36,val_forward,84.68,254.03,3038.4,40.0,1000.3,4.1,78.2
36,val_metrics,2.35,7.04,204.0,0.0,1000.3,4.1,78.2
37,data_to_gpu,1.42,17.02,138.0,16.0,857.4,4.9,67.4
37,forward,84.21,1010.52,3905.4,24812.0,857.4,4.9,67.4
37,backward,379.36,4552.34,6212.4,-24804.0,857.4,4.9,67.4
37,optimizer,4.18,50.14,152.1,0.0,857.4,4.9,67.4
37,val_forward,84.67,254.01,3038.4,40.0,857.4,4.9,67.4
37,val_metrics,2.55,7.66,204.0,0.0,857.4,4.9,67.4
38,data_to_gpu,1.48,17.78,138.0,16.0,2367.5,2.7,57.1
38,forward,84.19,1010.33,3905.4,24812.0,2367.5,2.7,57.1
38,backward,218.30,2619.57,6212.4,-24804.0,2367.5,2.7,57.1
38,optimizer,4.61,55.33,152.1,0.0,2367.5,2.7,57.1
38,val_forward,84.62,253.85,3038.4,40.0,2367.5,2.7,57.1
38,val_metrics,2.42,7.25,204.0,0.0,2367.5,2.7,57.1
39,data_to_gpu,1.52,18.19,138.0,16.0,732.2,4.4,82.1
39,forward,84.17,1010.10,3905.4,24812.0,732.2,4.4,82.1
39,backward,397.67,4772.06,6212.4,-24804.0,732.2,4.4,82.1
39,optimizer,4.37,52.50,152.1,0.0,732.2,4.4,82.1
39,val_forward,84.79,254.38,3038.4,40.0,732.2,4.4,82.1
39,val_metrics,2.68,8.03,204.0,0.0,732.2,4.4,82.1
40,data_to_gpu,1.38,16.60,138.0,16.0,773.3,5.0,80.4
40,forward,84.27,1011.24,3905.4,24812.0,773.3,5.0,80.4
40,backward,361.56,4338.67,6212.4,-24804.0,773.3,5.0,80.4
40,optimizer,4.66,55.91,152.1,0.0,773.3,5.0,80.4
40,val_forward,84.61,253.84,3038.4,40.0,773.3,5.0,80.4
40,val_metrics,2.53,7.58,204.0,0.0,773.3,5.0,80.4
41,data_to_gpu,1.27,15.23,138.0,16.0,767.1,4.0,81.3
41,forward,84.16,1009.91,3905.4,24812.0,767.1,4.0,81.3
41,backward,378.02,4536.19,6212.4,-24804.0,767.1,4.0,81.3
41,optimizer,4.52,54.21,152.1,0.0,767.1,4.0,81.3
41,val_forward,84.62,253.87,3038.4,40.0,767.1,4.0,81.3
41,val_metrics,2.35,7.05,204.0,0.0,767.1,4.0,81.3
42,data_to_gpu,1.45,17.39,138.0,16.0,771.8,4.0,82.4
42,forward,84.22,1010.65,3905.4,24812.0,771.8,4.0,82.4
42,backward,427.41,5128.88,6212.4,-24804.0,771.8,4.0,82.4
42,optimizer,4.48,53.82,152.1,0.0,771.8,4.0,82.4
42,val_forward,84.69,254.07,3038.4,40.0,771.8,4.0,82.4
42,val_metrics,2.69,8.06,204.0,0.0,771.8,4.0,82.4
43,data_to_gpu,1.27,15.24,138.0,16.0,2070.4,3.4,64.1
43,forward,84.22,1010.59,3905.4,24812.0,2070.4,3.4,64.1
43,backward,292.90,3514.83,6212.4,-24804.0,2070.4,3.4,64.1
43,optimizer,4.74,56.92,152.1,0.0,2070.4,3.4,64.1
43,val_forward,84.89,254.68,3038.4,40.0,2070.4,3.4,64.1
43,val_metrics,2.44,7.33,204.0,0.0,2070.4,3.4,64.1
44,data_to_gpu,1.38,16.55,138.0,16.0,1527.9,4.3,71.2
44,forward,84.24,1010.88,3905.4,24812.0,1527.9,4.3,71.2
44,backward,334.68,4016.21,6212.4,-24804.0,1527.9,4.3,71.2
44,optimizer,4.37,52.48,152.1,0.0,1527.9,4.3,71.2
44,val_forward,84.64,253.93,3038.4,40.0,1527.9,4.3,71.2
44,val_metrics,2.90,8.70,204.0,0.0,1527.9,4.3,71.2
45,data_to_gpu,1.41,16.96,138.0,16.0,768.3,3.7,80.5
45,forward,84.16,1009.93,3905.4,24812.0,768.3,3.7,80.5
45,backward,351.12,4213.45,6212.4,-24804.0,768.3,3.7,80.5
45,optimizer,4.44,53.25,152.1,0.0,768.3,3.7,80.5
45,val_forward,85.13,255.38,3038.4,40.0,768.3,3.7,80.5
45,val_metrics,2.47,7.42,204.0,0.0,768.3,3.7,80.5
46,data_to_gpu,1.39,16.67,138.0,16.0,795.1,3.7,82.0
46,forward,84.18,1010.20,3905.4,24812.0,795.1,3.7,82.0
46,backward,439.90,5278.75,6212.4,-24804.0,795.1,3.7,82.0
46,optimizer,4.56,54.76,152.1,0.0,795.1,3.7,82.0
46,val_forward,84.65,253.94,3038.4,40.0,795.1,3.7,82.0
46,val_metrics,2.49,7.47,204.0,0.0,795.1,3.7,82.0
47,data_to_gpu,1.44,17.24,138.0,16.0,1407.2,3.8,71.7
47,forward,84.30,1011.57,3905.4,24812.0,1407.2,3.8,71.7
47,backward,307.56,3690.67,6212.4,-24804.0,1407.2,3.8,71.7
47,optimizer,4.97,59.67,152.1,0.0,1407.2,3.8,71.7
47,val_forward,84.68,254.04,3038.4,40.0,1407.2,3.8,71.7
47,val_metrics,3.00,9.00,204.0,0.0,1407.2,3.8,71.7
48,data_to_gpu,1.34,16.13,138.0,16.0,860.6,4.8,77.8
48,forward,84.24,1010.83,3905.4,24812.0,860.6,4.8,77.8
48,backward,335.76,4029.17,6212.4,-24804.0,860.6,4.8,77.8
48,optimizer,4.78,57.39,152.1,0.0,860.6,4.8,77.8
48,val_forward,84.85,254.56,3038.4,40.0,860.6,4.8,77.8
48,val_metrics,2.45,7.36,204.0,0.0,860.6,4.8,77.8
49,data_to_gpu,1.32,15.85,138.0,16.0,801.6,3.7,80.9
49,forward,84.16,1009.97,3905.4,24812.0,801.6,3.7,80.9
49,backward,401.58,4818.93,6212.4,-24804.0,801.6,3.7,80.9
49,optimizer,4.57,54.86,152.1,0.0,801.6,3.7,80.9
49,val_forward,84.85,254.55,3038.4,40.0,801.6,3.7,80.9
49,val_metrics,2.84,8.52,204.0,0.0,801.6,3.7,80.9
50,data_to_gpu,1.41,16.86,138.0,16.0,2409.6,3.3,57.1
50,forward,84.14,1009.72,3905.4,24812.0,2409.6,3.3,57.1
50,backward,222.94,2675.29,6212.4,-24804.0,2409.6,3.3,57.1
50,optimizer,4.36,52.36,152.1,0.0,2409.6,3.3,57.1
50,val_forward,84.88,254.63,3038.4,40.0,2409.6,3.3,57.1
50,val_metrics,2.54,7.62,204.0,0.0,2409.6,3.3,57.1
51,data_to_gpu,1.36,16.28,138.0,16.0,1442.7,5.9,69.6
51,forward,84.28,1011.38,3905.4,24812.0,1442.7,5.9,69.6
51,backward,289.32,3471.87,6212.4,-24804.0,1442.7,5.9,69.6
51,optimizer,4.32,51.79,152.1,0.0,1442.7,5.9,69.6
51,val_forward,84.79,254.38,3038.4,40.0,1442.7,5.9,69.6
51,val_metrics,2.40,7.21,204.0,0.0,1442.7,5.9,69.6
52,data_to_gpu,1.48,17.81,138.0,16.0,730.1,3.3,82.4
52,forward,84.12,1009.45,3905.4,24812.0,730.1,3.3,82.4
52,backward,415.33,4983.91,6212.4,-24804.0,730.1,3.3,82.4
52,optimizer,4.22,50.64,152.1,0.0,730.1,3.3,82.4
52,val_forward,84.84,254.51,3038.4,40.0,730.1,3.3,82.4
52,val_metrics,2.29,6.88,204.0,0.0,730.1,3.3,82.4
53,data_to_gpu,1.33,15.94,138.0,16.0,739.9,3.5,81.2
53,forward,84.18,1010.13,3905.4,24812.0,739.9,3.5,81.2
53,backward,366.71,4400.48,6212.4,-24804.0,739.9,3.5,81.2
53,optimizer,4.33,51.91,152.1,0.0,739.9,3.5,81.2
53,val_forward,84.60,253.80,3038.4,40.0,739.9,3.5,81.2
53,val_metrics,2.31,6.93,204.0,0.0,739.9,3.5,81.2
54,data_to_gpu,1.46,17.50,138.0,16.0,776.7,3.2,79.7
54,forward,84.16,1009.92,3905.4,24812.0,776.7,3.2,79.7
54,backward,340.60,4087.15,6212.4,-24804.0,776.7,3.2,79.7
54,optimizer,4.18,50.14,152.1,0.0,776.7,3.2,79.7
54,val_forward,84.92,254.77,3038.4,40.0,776.7,3.2,79.7
54,val_metrics,2.26,6.78,204.0,0.0,776.7,3.2,79.7
55,data_to_gpu,1.24,14.91,138.0,16.0,820.0,3.2,79.8
55,forward,84.23,1010.71,3905.4,24812.0,820.0,3.2,79.8
55,backward,358.19,4298.26,6212.4,-24804.0,820.0,3.2,79.8
55,optimizer,4.95,59.45,152.1,0.0,820.0,3.2,79.8
55,val_forward,84.69,254.07,3038.4,40.0,820.0,3.2,79.8
55,val_metrics,2.80,8.40,204.0,0.0,820.0,3.2,79.8
56,data_to_gpu,1.30,15.62,138.0,16.0,805.7,4.0,81.0
56,forward,84.29,1011.50,3905.4,24812.0,805.7,4.0,81.0
56,backward,388.79,4665.46,6212.4,-24804.0,805.7,4.0,81.0
56,optimizer,4.68,56.10,152.1,0.0,805.7,4.0,81.0
56,val_forward,84.87,254.60,3038.4,40.0,805.7,4.0,81.0
56,val_metrics,2.43,7.28,204.0,0.0,805.7,4.0,81.0
57,data_to_gpu,1.53,18.38,138.0,16.0,750.7,3.8,80.1
57,forward,84.17,1010.09,3905.4,24812.0,750.7,3.8,80.1
57,backward,343.18,4118.14,6212.4,-24804.0,750.7,3.8,80.1
57,optimizer,4.23,50.78,152.1,0.0,750.7,3.8,80.1
57,val_forward,84.68,254.04,3038.4,40.0,750.7,3.8,80.1
57,val_metrics,2.42,7.26,204.0,0.0,750.7,3.8,80.1
58,data_to_gpu,1.45,17.35,138.0,16.0,744.9,3.4,81.0
58,forward,84.16,1009.95,3905.4,24812.0,744.9,3.4,81.0
58,backward,374.46,4493.57,6212.4,-24804.0,744.9,3.4,81.0
58,optimizer,4.24,50.87,152.1,0.0,744.9,3.4,81.0
58,val_forward,84.77,254.32,3038.4,40.0,744.9,3.4,81.0
58,val_metrics,2.65,7.94,204.0,0.0,744.9,3.4,81.0
59,data_to_gpu,1.39,16.70,138.0,16.0,883.4,3.9,78.8
59,forward,84.19,1010.28,3905.4,24812.0,883.4,3.9,78.8
59,backward,349.71,4196.51,6212.4,-24804.0,883.4,3.9,78.8
59,optimizer,4.57,54.86,152.1,0.0,883.4,3.9,78.8
59,val_forward,84.81,254.43,3038.4,40.0,883.4,3.9,78.8
59,val_metrics,2.53,7.59,204.0,0.0,883.4,3.9,78.8
60,data_to_gpu,1.33,15.96,138.0,16.0,765.6,4.0,80.7
60,forward,84.18,1010.19,3905.4,24812.0,765.6,4.0,80.7
60,backward,368.64,4423.74,6212.4,-24804.0,765.6,4.0,80.7
60,optimizer,4.49,53.83,152.1,0.0,765.6,4.0,80.7
60,val_forward,84.84,254.53,3038.4,40.0,765.6,4.0,80.7
60,val_metrics,2.36,7.09,204.0,0.0,765.6,4.0,80.7
61,data_to_gpu,1.33,16.02,138.0,16.0,983.9,3.4,77.4
61,forward,84.17,1010.06,3905.4,24812.0,983.9,3.4,77.4
61,backward,346.71,4160.57,6212.4,-24804.0,983.9,3.4,77.4
61,optimizer,4.31,51.66,152.1,0.0,983.9,3.4,77.4
61,val_forward,84.60,253.81,3038.4,40.0,983.9,3.4,77.4
61,val_metrics,2.34,7.03,204.0,0.0,983.9,3.4,77.4
62,data_to_gpu,1.31,15.75,138.0,16.0,2304.7,3.8,60.8
62,forward,84.22,1010.63,3905.4,24812.0,2304.7,3.8,60.8
62,backward,268.31,3219.72,6212.4,-24804.0,2304.7,3.8,60.8
62,optimizer,4.17,50.01,152.1,0.0,2304.7,3.8,60.8
62,val_forward,84.59,253.77,3038.4,40.0,2304.7,3.8,60.8
62,val_metrics,2.44,7.31,204.0,0.0,2304.7,3.8,60.8
63,data_to_gpu,1.41,16.97,138.0,16.0,769.9,3.7,79.5
63,forward,84.15,1009.83,3905.4,24812.0,769.9,3.7,79.5
63,backward,330.99,3971.85,6212.4,-24804.0,769.9,3.7,79.5
63,optimizer,4.07,48.89,152.1,0.0,769.9,3.7,79.5
63,val_forward,85.01,255.03,3038.4,40.0,769.9,3.7,79.5
63,val_metrics,2.34,7.01,204.0,0.0,769.9,3.7,79.5
64,data_to_gpu,1.43,17.11,138.0,16.0,788.9,3.0,81.6
64,forward,84.18,1010.21,3905.4,24812.0,788.9,3.0,81.6
64,backward,403.95,4847.39,6212.4,-24804.0,788.9,3.0,81.6
64,optimizer,4.34,52.12,152.1,0.0,788.9,3.0,81.6
64,val_forward,84.67,254.01,3038.4,40.0,788.9,3.0,81.6
64,val_metrics,2.37,7.11,204.0,0.0,788.9,3.0,81.6
65,data_to_gpu,1.58,18.99,138.0,16.0,1407.5,3.5,73.2
65,forward,84.13,1009.53,3905.4,24812.0,1407.5,3.5,73.2
65,backward,340.36,4084.37,6212.4,-24804.0,1407.5,3.5,73.2
65,optimizer,4.06,48.67,152.1,0.0,1407.5,3.5,73.2
65,val_forward,84.87,254.60,3038.4,40.0,1407.5,3.5,73.2
65,val_metrics,2.36,7.07,204.0,0.0,1407.5,3.5,73.2
66,data_to_gpu,1.49,17.88,138.0,16.0,765.1,3.7,80.5
66,forward,84.19,1010.30,3905.4,24812.0,765.1,3.7,80.5
66,backward,360.77,4329.29,6212.4,-24804.0,765.1,3.7,80.5
66,optimizer,4.17,50.07,152.1,0.0,765.1,3.7,80.5
66,val_forward,84.60,253.80,3038.4,40.0,765.1,3.7,80.5
66,val_metrics,2.37,7.11,204.0,0.0,765.1,3.7,80.5
67,data_to_gpu,1.42,17.04,138.0,16.0,896.2,4.4,79.1
67,forward,84.16,1009.86,3905.4,24812.0,896.2,4.4,79.1
67,backward,356.75,4280.96,6212.4,-24804.0,896.2,4.4,79.1
67,optimizer,4.47,53.60,152.1,0.0,896.2,4.4,79.1
67,val_forward,84.89,254.68,3038.4,40.0,896.2,4.4,79.1
67,val_metrics,2.42,7.25,204.0,0.0,896.2,4.4,79.1
68,data_to_gpu,1.48,17.77,138.0,16.0,2424.9,4.6,56.7
68,forward,84.14,1009.72,3905.4,24812.0,2424.9,4.6,56.7
68,backward,218.20,2618.43,6212.4,-24804.0,2424.9,4.6,56.7
68,optimizer,4.39,52.71,152.1,0.0,2424.9,4.6,56.7
68,val_forward,84.61,253.84,3038.4,40.0,2424.9,4.6,56.7
68,val_metrics,2.40,7.21,204.0,0.0,2424.9,4.6,56.7
69,data_to_gpu,1.39,16.70,138.0,16.0,2295.9,3.8,60.1
69,forward,84.20,1010.37,3905.4,24812.0,2295.9,3.8,60.1
69,backward,251.53,3018.41,6212.4,-24804.0,2295.9,3.8,60.1
69,optimizer,4.60,55.22,152.1,0.0,2295.9,3.8,60.1
69,val_forward,84.81,254.42,3038.4,40.0,2295.9,3.8,60.1
69,val_metrics,2.46,7.39,204.0,0.0,2295.9,3.8,60.1
70,data_to_gpu,1.48,17.81,138.0,16.0,2311.6,3.6,57.5
70,forward,84.16,1009.94,3905.4,24812.0,2311.6,3.6,57.5
70,backward,218.75,2625.03,6212.4,-24804.0,2311.6,3.6,57.5
70,optimizer,4.17,50.06,152.1,0.0,2311.6,3.6,57.5
70,val_forward,84.85,254.55,3038.4,40.0,2311.6,3.6,57.5
70,val_metrics,2.38,7.13,204.0,0.0,2311.6,3.6,57.5
71,data_to_gpu,1.29,15.51,138.0,16.0,776.4,4.1,79.7
71,forward,84.21,1010.55,3905.4,24812.0,776.4,4.1,79.7
71,backward,336.20,4034.38,6212.4,-24804.0,776.4,4.1,79.7
71,optimizer,4.57,54.89,152.1,0.0,776.4,4.1,79.7
71,val_forward,84.91,254.72,3038.4,40.0,776.4,4.1,79.7
71,val_metrics,2.32,6.97,204.0,0.0,776.4,4.1,79.7
72,data_to_gpu,1.52,18.29,138.0,16.0,800.1,3.9,81.0
72,forward,84.16,1009.95,3905.4,24812.0,800.1,3.9,81.0
72,backward,393.93,4727.13,6212.4,-24804.0,800.1,3.9,81.0
72,optimizer,4.14,49.71,152.1,0.0,800.1,3.9,81.0
72,val_forward,84.70,254.10,3038.4,40.0,800.1,3.9,81.0
72,val_metrics,2.30,6.90,204.0,0.0,800.1,3.9,81.0
73,data_to_gpu,1.36,16.28,138.0,16.0,927.0,3.5,77.5
73,forward,84.26,1011.07,3905.4,24812.0,927.0,3.5,77.5
73,backward,329.08,3949.01,6212.4,-24804.0,927.0,3.5,77.5
73,optimizer,4.54,54.46,152.1,0.0,927.0,3.5,77.5
73,val_forward,84.83,254.48,3038.4,40.0,927.0,3.5,77.5
73,val_metrics,2.77,8.31,204.0,0.0,927.0,3.5,77.5
74,data_to_gpu,1.43,17.17,138.0,16.0,2301.2,3.0,59.6
74,forward,84.19,1010.31,3905.4,24812.0,2301.2,3.0,59.6
74,backward,248.64,2983.65,6212.4,-24804.0,2301.2,3.0,59.6
74,optimizer,4.35,52.20,152.1,0.0,2301.2,3.0,59.6
74,val_forward,84.61,253.83,3038.4,40.0,2301.2,3.0,59.6
74,val_metrics,2.38,7.13,204.0,0.0,2301.2,3.0,59.6
75,data_to_gpu,1.37,16.39,138.0,16.0,2381.9,3.0,60.5
75,forward,84.21,1010.53,3905.4,24812.0,2381.9,3.0,60.5
75,backward,267.68,3212.21,6212.4,-24804.0,2381.9,3.0,60.5
75,optimizer,4.43,53.14,152.1,0.0,2381.9,3.0,60.5
75,val_forward,84.79,254.37,3038.4,40.0,2381.9,3.0,60.5
75,val_metrics,2.74,8.21,204.0,0.0,2381.9,3.0,60.5
76,data_to_gpu,1.15,13.79,138.0,16.0,759.1,4.1,82.0
76,forward,84.13,1009.57,3905.4,24812.0,759.1,4.1,82.0
76,backward,402.17,4826.00,6212.4,-24804.0,759.1,4.1,82.0
76,optimizer,4.29,51.43,152.1,0.0,759.1,4.1,82.0
76,val_forward,84.58,253.73,3038.4,40.0,759.1,4.1,82.0
76,val_metrics,2.40,7.21,204.0,0.0,759.1,4.1,82.0
77,data_to_gpu,1.40,16.78,138.0,16.0,1469.6,3.7,71.6
77,forward,84.13,1009.53,3905.4,24812.0,1469.6,3.7,71.6
77,backward,327.72,3932.68,6212.4,-24804.0,1469.6,3.7,71.6
77,optimizer,4.30,51.64,152.1,0.0,1469.6,3.7,71.6
77,val_forward,85.00,255.01,3038.4,40.0,1469.6,3.7,71.6
77,val_metrics,2.56,7.68,204.0,0.0,1469.6,3.7,71.6
78,data_to_gpu,1.46,17.54,138.0,16.0,757.2,3.2,80.9
78,forward,84.15,1009.83,3905.4,24812.0,757.2,3.2,80.9
78,backward,360.25,4323.02,6212.4,-24804.0,757.2,3.2,80.9
78,optimizer,4.24,50.93,152.1,0.0,757.2,3.2,80.9
78,val_forward,84.66,253.97,3038.4,40.0,757.2,3.2,80.9
78,val_metrics,2.41,7.23,204.0,0.0,757.2,3.2,80.9
79,data_to_gpu,1.45,17.46,138.0,16.0,2288.6,3.0,61.9
79,forward,84.12,1009.46,3905.4,24812.0,2288.6,3.0,61.9
79,backward,279.48,3353.71,6212.4,-24804.0,2288.6,3.0,61.9
79,optimizer,4.36,52.26,152.1,0.0,2288.6,3.0,61.9
79,val_forward,84.66,253.98,3038.4,40.0,2288.6,3.0,61.9
79,val_metrics,2.30,6.91,204.0,0.0,2288.6,3.0,61.9
80,data_to_gpu,1.31,15.70,138.0,16.0,2319.8,3.0,57.7
80,forward,84.22,1010.67,3905.4,24812.0,2319.8,3.0,57.7
80,backward,218.41,2620.95,6212.4,-24804.0,2319.8,3.0,57.7
80,optimizer,4.80,57.57,152.1,0.0,2319.8,3.0,57.7
80,val_forward,84.62,253.86,3038.4,40.0,2319.8,3.0,57.7
80,val_metrics,2.48,7.44,204.0,0.0,2319.8,3.0,57.7
81,data_to_gpu,1.40,16.81,138.0,16.0,742.0,3.5,81.4
81,forward,84.16,1009.87,3905.4,24812.0,742.0,3.5,81.4
81,backward,377.35,4528.14,6212.4,-24804.0,742.0,3.5,81.4
81,optimizer,4.62,55.50,152.1,0.0,742.0,3.5,81.4
81,val_forward,84.93,254.78,3038.4,40.0,742.0,3.5,81.4
81,val_metrics,2.42,7.25,204.0,0.0,742.0,3.5,81.4
82,data_to_gpu,1.39,16.67,138.0,16.0,686.6,3.2,82.0
82,forward,84.14,1009.62,3905.4,24812.0,686.6,3.2,82.0
82,backward,379.55,4554.55,6212.4,-24804.0,686.6,3.2,82.0
82,optimizer,4.35,52.25,152.1,0.0,686.6,3.2,82.0
82,val_forward,84.61,253.83,3038.4,40.0,686.6,3.2,82.0
82,val_metrics,2.37,7.12,204.0,0.0,686.6,3.2,82.0
83,data_to_gpu,1.29,15.44,138.0,16.0,3145.2,3.0,51.4
83,forward,84.20,1010.45,3905.4,24812.0,3145.2,3.0,51.4
83,backward,218.52,2622.22,6212.4,-24804.0,3145.2,3.0,51.4
83,optimizer,4.59,55.08,152.1,0.0,3145.2,3.0,51.4
83,val_forward,84.85,254.56,3038.4,40.0,3145.2,3.0,51.4
83,val_metrics,2.35,7.06,204.0,0.0,3145.2,3.0,51.4
84,data_to_gpu,1.41,16.97,138.0,16.0,716.6,3.3,83.3
84,forward,84.13,1009.59,3905.4,24812.0,716.6,3.3,83.3
84,backward,435.65,5227.81,6212.4,-24804.0,716.6,3.3,83.3
84,optimizer,4.25,51.01,152.1,0.0,716.6,3.3,83.3
84,val_forward,84.61,253.82,3038.4,40.0,716.6,3.3,83.3
84,val_metrics,2.26,6.78,204.0,0.0,716.6,3.3,83.3
85,data_to_gpu,1.49,17.93,138.0,16.0,2407.1,3.8,56.9
85,forward,84.16,1009.89,3905.4,24812.0,2407.1,3.8,56.9
85,backward,218.45,2621.37,6212.4,-24804.0,2407.1,3.8,56.9
85,optimizer,4.26,51.13,152.1,0.0,2407.1,3.8,56.9
85,val_forward,84.84,254.52,3038.4,40.0,2407.1,3.8,56.9
85,val_metrics,2.37,7.11,204.0,0.0,2407.1,3.8,56.9
86,data_to_gpu,1.30,15.60,138.0,16.0,2279.4,3.5,60.5
86,forward,84.19,1010.33,3905.4,24812.0,2279.4,3.5,60.5
86,backward,256.35,3076.19,6212.4,-24804.0,2279.4,3.5,60.5
86,optimizer,4.62,55.41,152.1,0.0,2279.4,3.5,60.5
86,val_forward,84.68,254.04,3038.4,40.0,2279.4,3.5,60.5
86,val_metrics,2.54,7.62,204.0,0.0,2279.4,3.5,60.5
87,data_to_gpu,1.39,16.64,138.0,16.0,726.4,3.3,81.4
87,forward,96.58,1159.01,3905.4,24812.0,726.4,3.3,81.4
87,backward,360.14,4321.62,6212.4,-24804.0,726.4,3.3,81.4
87,optimizer,4.47,53.67,152.1,0.0,726.4,3.3,81.4
87,val_forward,84.77,254.30,3038.4,40.0,726.4,3.3,81.4
87,val_metrics,2.45,7.35,204.0,0.0,726.4,3.3,81.4
88,data_to_gpu,1.25,15.03,138.0,16.0,2258.6,3.1,61.3
88,forward,84.22,1010.59,3905.4,24812.0,2258.6,3.1,61.3
88,backward,265.22,3182.60,6212.4,-24804.0,2258.6,3.1,61.3
88,optimizer,4.72,56.63,152.1,0.0,2258.6,3.1,61.3
88,val_forward,84.67,254.00,3038.4,40.0,2258.6,3.1,61.3
88,val_metrics,2.46,7.38,204.0,0.0,2258.6,3.1,61.3
89,data_to_gpu,1.44,17.30,138.0,16.0,714.2,3.4,80.8
89,forward,84.13,1009.53,3905.4,24812.0,714.2,3.4,80.8
89,backward,344.27,4131.28,6212.4,-24804.0,714.2,3.4,80.8
89,optimizer,4.27,51.29,152.1,0.0,714.2,3.4,80.8
89,val_forward,84.89,254.66,3038.4,40.0,714.2,3.4,80.8
89,val_metrics,2.35,7.06,204.0,0.0,714.2,3.4,80.8
90,data_to_gpu,1.37,16.41,138.0,16.0,1376.6,4.1,72.2
90,forward,84.16,1009.90,3905.4,24812.0,1376.6,4.1,72.2
90,backward,318.88,3826.57,6212.4,-24804.0,1376.6,4.1,72.2
90,optimizer,4.21,50.49,152.1,0.0,1376.6,4.1,72.2
90,val_forward,84.92,254.77,3038.4,40.0,1376.6,4.1,72.2
90,val_metrics,2.31,6.92,204.0,0.0,1376.6,4.1,72.2
91,data_to_gpu,1.50,18.05,138.0,16.0,2249.0,2.7,58.3
91,forward,84.18,1010.12,3905.4,24812.0,2249.0,2.7,58.3
91,backward,219.26,2631.08,6212.4,-24804.0,2249.0,2.7,58.3
91,optimizer,4.21,50.48,152.1,0.0,2249.0,2.7,58.3
91,val_forward,84.89,254.67,3038.4,40.0,2249.0,2.7,58.3
91,val_metrics,2.32,6.95,204.0,0.0,2249.0,2.7,58.3
92,data_to_gpu,1.59,19.03,138.0,16.0,739.0,4.0,82.2
92,forward,84.25,1010.98,3905.4,24812.0,739.0,4.0,82.2
92,backward,399.41,4792.97,6212.4,-24804.0,739.0,4.0,82.2
92,optimizer,4.67,56.06,152.1,0.0,739.0,4.0,82.2
92,val_forward,84.71,254.13,3038.4,40.0,739.0,4.0,82.2
92,val_metrics,2.71,8.13,204.0,0.0,739.0,4.0,82.2
93,data_to_gpu,1.53,18.41,138.0,16.0,699.9,3.8,82.1
93,forward,84.24,1010.90,3905.4,24812.0,699.9,3.8,82.1
93,backward,381.56,4578.73,6212.4,-24804.0,699.9,3.8,82.1
93,optimizer,4.45,53.37,152.1,0.0,699.9,3.8,82.1
93,val_forward,84.82,254.46,3038.4,40.0,699.9,3.8,82.1
93,val_metrics,2.70,8.09,204.0,0.0,699.9,3.8,82.1
94,data_to_gpu,1.47,17.65,138.0,16.0,727.5,3.4,81.8
94,forward,84.14,1009.65,3905.4,24812.0,727.5,3.4,81.8
94,backward,380.68,4568.15,6212.4,-24804.0,727.5,3.4,81.8
94,optimizer,4.35,52.19,152.1,0.0,727.5,3.4,81.8
94,val_forward,84.75,254.24,3038.4,40.0,727.5,3.4,81.8
94,val_metrics,2.27,6.81,204.0,0.0,727.5,3.4,81.8
95,data_to_gpu,1.58,19.00,138.0,16.0,2410.4,3.9,57.9
95,forward,84.18,1010.14,3905.4,24812.0,2410.4,3.9,57.9
95,backward,233.32,2799.89,6212.4,-24804.0,2410.4,3.9,57.9
95,optimizer,4.10,49.18,152.1,0.0,2410.4,3.9,57.9
95,val_forward,84.66,253.99,3038.4,40.0,2410.4,3.9,57.9
95,val_metrics,2.25,6.75,204.0,0.0,2410.4,3.9,57.9
96,data_to_gpu,1.37,16.40,138.0,16.0,763.9,3.9,82.1
96,forward,84.17,1010.07,3905.4,24812.0,763.9,3.9,82.1
96,backward,408.95,4907.43,6212.4,-24804.0,763.9,3.9,82.1
96,optimizer,4.25,51.00,152.1,0.0,763.9,3.9,82.1
96,val_forward,84.83,254.49,3038.4,40.0,763.9,3.9,82.1
96,val_metrics,2.52,7.56,204.0,0.0,763.9,3.9,82.1
97,data_to_gpu,1.50,18.00,138.0,16.0,2864.7,4.5,53.3
97,forward,84.16,1009.95,3905.4,24812.0,2864.7,4.5,53.3
97,backward,218.34,2620.10,6212.4,-24804.0,2864.7,4.5,53.3
97,optimizer,4.29,51.50,152.1,0.0,2864.7,4.5,53.3
97,val_forward,84.75,254.25,3038.4,40.0,2864.7,4.5,53.3
97,val_metrics,2.37,7.11,204.0,0.0,2864.7,4.5,53.3
98,data_to_gpu,1.37,16.46,138.0,16.0,779.9,4.7,79.6
98,forward,84.18,1010.18,3905.4,24812.0,779.9,4.7,79.6
98,backward,341.07,4092.88,6212.4,-24804.0,779.9,4.7,79.6
98,optimizer,4.39,52.74,152.1,0.0,779.9,4.7,79.6
98,val_forward,84.87,254.61,3038.4,40.0,779.9,4.7,79.6
98,val_metrics,2.47,7.41,204.0,0.0,779.9,4.7,79.6
99,data_to_gpu,1.09,13.14,138.0,16.0,2886.1,4.6,53.9
99,forward,84.17,1010.09,3905.4,24812.0,2886.1,4.6,53.9
99,backward,227.47,2729.63,6212.4,-24804.0,2886.1,4.6,53.9
99,optimizer,4.65,55.77,152.1,0.0,2886.1,4.6,53.9
99,val_forward,84.69,254.07,3038.4,40.0,2886.1,4.6,53.9
99,val_metrics,2.41,7.23,204.0,0.0,2886.1,4.6,53.9
100,data_to_gpu,1.42,17.01,138.0,16.0,2315.9,3.9,57.6
100,forward,84.17,1010.06,3905.4,24812.0,2315.9,3.9,57.6
100,backward,218.39,2620.69,6212.4,-24804.0,2315.9,3.9,57.6
100,optimizer,4.59,55.07,152.1,0.0,2315.9,3.9,57.6
100,val_forward,84.64,253.92,3038.4,40.0,2315.9,3.9,57.6
100,val_metrics,2.36,7.09,204.0,0.0,2315.9,3.9,57.6
101,data_to_gpu,1.37,16.41,138.0,16.0,943.3,3.7,78.3
101,forward,84.20,1010.39,3905.4,24812.0,943.3,3.7,78.3
101,backward,347.80,4173.60,6212.4,-24804.0,943.3,3.7,78.3
101,optimizer,4.44,53.33,152.1,0.0,943.3,3.7,78.3
101,val_forward,84.59,253.77,3038.4,40.0,943.3,3.7,78.3
101,val_metrics,2.34,7.01,204.0,0.0,943.3,3.7,78.3
102,data_to_gpu,1.32,15.88,138.0,16.0,738.9,3.9,82.4
102,forward,84.12,1009.42,3905.4,24812.0,738.9,3.9,82.4
102,backward,410.51,4926.10,6212.4,-24804.0,738.9,3.9,82.4
102,optimizer,4.26,51.15,152.1,0.0,738.9,3.9,82.4
102,val_forward,84.62,253.85,3038.4,40.0,738.9,3.9,82.4
102,val_metrics,2.37,7.11,204.0,0.0,738.9,3.9,82.4
103,data_to_gpu,1.26,15.13,138.0,16.0,2851.4,4.1,53.4
103,forward,84.16,1009.96,3905.4,24812.0,2851.4,4.1,53.4
103,backward,219.23,2630.71,6212.4,-24804.0,2851.4,4.1,53.4
103,optimizer,4.60,55.16,152.1,0.0,2851.4,4.1,53.4
103,val_forward,84.89,254.68,3038.4,40.0,2851.4,4.1,53.4
103,val_metrics,2.36,7.09,204.0,0.0,2851.4,4.1,53.4
104,data_to_gpu,1.40,16.76,138.0,16.0,684.8,3.3,82.8
104,forward,84.13,1009.52,3905.4,24812.0,684.8,3.3,82.8
104,backward,402.53,4830.39,6212.4,-24804.0,684.8,3.3,82.8
104,optimizer,4.33,51.93,152.1,0.0,684.8,3.3,82.8
104,val_forward,84.62,253.85,3038.4,40.0,684.8,3.3,82.8
104,val_metrics,2.38,7.13,204.0,0.0,684.8,3.3,82.8
105,data_to_gpu,1.27,15.27,138.0,16.0,1455.8,3.2,72.9
105,forward,84.12,1009.50,3905.4,24812.0,1455.8,3.2,72.9
105,backward,351.91,4222.95,6212.4,-24804.0,1455.8,3.2,72.9
105,optimizer,4.14,49.71,152.1,0.0,1455.8,3.2,72.9
105,val_forward,84.86,254.57,3038.4,40.0,1455.8,3.2,72.9
105,val_metrics,2.32,6.95,204.0,0.0,1455.8,3.2,72.9
106,data_to_gpu,1.45,17.39,138.0,16.0,779.9,4.0,80.1
106,forward,84.18,1010.17,3905.4,24812.0,779.9,4.0,80.1
106,backward,359.41,4312.89,6212.4,-24804.0,779.9,4.0,80.1
106,optimizer,4.40,52.85,152.1,0.0,779.9,4.0,80.1
106,val_forward,84.60,253.79,3038.4,40.0,779.9,4.0,80.1
106,val_metrics,2.43,7.29,204.0,0.0,779.9,4.0,80.1
107,data_to_gpu,1.69,20.27,138.0,16.0,690.0,3.6,82.4
107,forward,84.14,1009.64,3905.4,24812.0,690.0,3.6,82.4
107,backward,393.25,4718.99,6212.4,-24804.0,690.0,3.6,82.4
107,optimizer,4.23,50.79,152.1,0.0,690.0,3.6,82.4
107,val_forward,84.62,253.87,3038.4,40.0,690.0,3.6,82.4
107,val_metrics,2.33,6.99,204.0,0.0,690.0,3.6,82.4
108,data_to_gpu,1.48,17.71,138.0,16.0,2308.0,4.6,57.7
108,forward,84.28,1011.37,3905.4,24812.0,2308.0,4.6,57.7
108,backward,218.92,2627.01,6212.4,-24804.0,2308.0,4.6,57.7
108,optimizer,4.61,55.32,152.1,0.0,2308.0,4.6,57.7
108,val_forward,84.93,254.78,3038.4,40.0,2308.0,4.6,57.7
108,val_metrics,2.38,7.13,204.0,0.0,2308.0,4.6,57.7
109,data_to_gpu,1.38,16.53,138.0,16.0,1444.3,3.6,72.6
109,forward,84.14,1009.74,3905.4,24812.0,1444.3,3.6,72.6
109,backward,336.97,4043.64,6212.4,-24804.0,1444.3,3.6,72.6
109,optimizer,4.41,52.88,152.1,0.0,1444.3,3.6,72.6
109,val_forward,84.60,253.79,3038.4,40.0,1444.3,3.6,72.6
109,val_metrics,2.35,7.05,204.0,0.0,1444.3,3.6,72.6
110,data_to_gpu,1.39,16.70,138.0,16.0,703.3,4.1,81.1
110,forward,84.14,1009.70,3905.4,24812.0,703.3,4.1,81.1
110,backward,350.08,4200.99,6212.4,-24804.0,703.3,4.1,81.1
110,optimizer,4.32,51.87,152.1,0.0,703.3,4.1,81.1
110,val_forward,84.65,253.94,3038.4,40.0,703.3,4.1,81.1
110,val_metrics,2.34,7.01,204.0,0.0,703.3,4.1,81.1
111,data_to_gpu,1.36,16.27,138.0,16.0,746.8,3.7,81.0
111,forward,84.17,1009.99,3905.4,24812.0,746.8,3.7,81.0
111,backward,365.23,4382.80,6212.4,-24804.0,746.8,3.7,81.0
111,optimizer,4.74,56.85,152.1,0.0,746.8,3.7,81.0
111,val_forward,84.67,254.01,3038.4,40.0,746.8,3.7,81.0
111,val_metrics,2.36,7.09,204.0,0.0,746.8,3.7,81.0
112,data_to_gpu,1.51,18.07,138.0,16.0,1470.3,3.9,70.0
112,forward,84.15,1009.80,3905.4,24812.0,1470.3,3.9,70.0
112,backward,287.25,3447.04,6212.4,-24804.0,1470.3,3.9,70.0
112,optimizer,4.21,50.51,152.1,0.0,1470.3,3.9,70.0
112,val_forward,84.91,254.73,3038.4,40.0,1470.3,3.9,70.0
112,val_metrics,2.42,7.25,204.0,0.0,1470.3,3.9,70.0
113,data_to_gpu,1.40,16.80,138.0,16.0,753.9,3.7,81.7
113,forward,84.13,1009.61,3905.4,24812.0,753.9,3.7,81.7
113,backward,394.90,4738.85,6212.4,-24804.0,753.9,3.7,81.7
113,optimizer,4.16,49.90,152.1,0.0,753.9,3.7,81.7
113,val_forward,84.62,253.86,3038.4,40.0,753.9,3.7,81.7
113,val_metrics,2.32,6.97,204.0,0.0,753.9,3.7,81.7
114,data_to_gpu,1.48,17.75,138.0,16.0,741.7,3.8,82.1
114,forward,84.15,1009.75,3905.4,24812.0,741.7,3.8,82.1
114,backward,401.44,4817.24,6212.4,-24804.0,741.7,3.8,82.1
114,optimizer,4.19,50.25,152.1,0.0,741.7,3.8,82.1
114,val_forward,84.74,254.23,3038.4,40.0,741.7,3.8,82.1
114,val_metrics,2.33,6.98,204.0,0.0,741.7,3.8,82.1
115,data_to_gpu,1.53,18.36,138.0,16.0,761.6,5.9,80.1
115,forward,84.21,1010.49,3905.4,24812.0,761.6,5.9,80.1
115,backward,343.91,4126.91,6212.4,-24804.0,761.6,5.9,80.1
115,optimizer,4.34,52.09,152.1,0.0,761.6,5.9,80.1
115,val_forward,84.97,254.92,3038.4,40.0,761.6,5.9,80.1
115,val_metrics,2.33,6.99,204.0,0.0,761.6,5.9,80.1
116,data_to_gpu,1.37,16.43,138.0,16.0,751.9,4.3,81.1
116,forward,84.15,1009.82,3905.4,24812.0,751.9,4.3,81.1
116,backward,368.11,4417.36,6212.4,-24804.0,751.9,4.3,81.1
116,optimizer,4.15,49.82,152.1,0.0,751.9,4.3,81.1
116,val_forward,84.69,254.07,3038.4,40.0,751.9,4.3,81.1
116,val_metrics,2.37,7.10,204.0,0.0,751.9,4.3,81.1
117,data_to_gpu,1.39,16.65,138.0,16.0,734.5,4.0,82.0
117,forward,84.19,1010.31,3905.4,24812.0,734.5,4.0,82.0
117,backward,394.52,4734.30,6212.4,-24804.0,734.5,4.0,82.0
117,optimizer,4.19,50.32,152.1,0.0,734.5,4.0,82.0
117,val_forward,84.69,254.07,3038.4,40.0,734.5,4.0,82.0
117,val_metrics,2.36,7.07,204.0,0.0,734.5,4.0,82.0
118,data_to_gpu,1.40,16.84,138.0,16.0,3042.7,3.4,52.1
118,forward,84.11,1009.33,3905.4,24812.0,3042.7,3.4,52.1
118,backward,218.29,2619.46,6212.4,-24804.0,3042.7,3.4,52.1
118,optimizer,4.35,52.24,152.1,0.0,3042.7,3.4,52.1
118,val_forward,84.67,254.02,3038.4,40.0,3042.7,3.4,52.1
118,val_metrics,2.47,7.40,204.0,0.0,3042.7,3.4,52.1
119,data_to_gpu,1.39,16.74,138.0,16.0,1774.5,4.5,65.8
119,forward,84.16,1009.92,3905.4,24812.0,1774.5,4.5,65.8
119,backward,269.47,3233.66,6212.4,-24804.0,1774.5,4.5,65.8
119,optimizer,4.25,51.02,152.1,0.0,1774.5,4.5,65.8
119,val_forward,84.74,254.23,3038.4,40.0,1774.5,4.5,65.8
119,val_metrics,2.38,7.15,204.0,0.0,1774.5,4.5,65.8
120,data_to_gpu,1.54,18.42,138.0,16.0,850.0,3.5,79.7
120,forward,84.15,1009.85,3905.4,24812.0,850.0,3.5,79.7
120,backward,356.65,4279.76,6212.4,-24804.0,850.0,3.5,79.7
120,optimizer,4.40,52.76,152.1,0.0,850.0,3.5,79.7
120,val_forward,84.60,253.81,3038.4,40.0,850.0,3.5,79.7
120,val_metrics,2.43,7.28,204.0,0.0,850.0,3.5,79.7
121,data_to_gpu,1.37,16.48,138.0,16.0,2447.5,3.6,59.1
121,forward,84.16,1009.96,3905.4,24812.0,2447.5,3.6,59.1
121,backward,254.81,3057.71,6212.4,-24804.0,2447.5,3.6,59.1
121,optimizer,4.28,51.39,152.1,0.0,2447.5,3.6,59.1
121,val_forward,84.67,254.01,3038.4,40.0,2447.5,3.6,59.1
121,val_metrics,2.33,7.00,204.0,0.0,2447.5,3.6,59.1
122,data_to_gpu,1.42,17.00,138.0,16.0,1214.7,3.8,74.6
122,forward,84.17,1010.05,3905.4,24812.0,1214.7,3.8,74.6
122,backward,344.24,4130.92,6212.4,-24804.0,1214.7,3.8,74.6
122,optimizer,4.29,51.52,152.1,0.0,1214.7,3.8,74.6
122,val_forward,84.85,254.56,3038.4,40.0,1214.7,3.8,74.6
122,val_metrics,2.39,7.16,204.0,0.0,1214.7,3.8,74.6
123,data_to_gpu,1.52,18.19,138.0,16.0,774.4,4.5,81.6
123,forward,84.11,1009.29,3905.4,24812.0,774.4,4.5,81.6
123,backward,389.40,4672.76,6212.4,-24804.0,774.4,4.5,81.6
123,optimizer,3.97,47.63,152.1,0.0,774.4,4.5,81.6
123,val_forward,84.62,253.87,3038.4,40.0,774.4,4.5,81.6
123,val_metrics,2.40,7.20,204.0,0.0,774.4,4.5,81.6
124,data_to_gpu,1.42,17.05,138.0,16.0,741.0,3.9,81.4
124,forward,84.14,1009.70,3905.4,24812.0,741.0,3.9,81.4
124,backward,382.09,4585.10,6212.4,-24804.0,741.0,3.9,81.4
124,optimizer,4.14,49.72,152.1,0.0,741.0,3.9,81.4
124,val_forward,84.72,254.16,3038.4,40.0,741.0,3.9,81.4
124,val_metrics,2.45,7.36,204.0,0.0,741.0,3.9,81.4
125,data_to_gpu,1.56,18.71,138.0,16.0,2334.5,3.6,57.3
125,forward,84.13,1009.51,3905.4,24812.0,2334.5,3.6,57.3
125,backward,218.80,2625.54,6212.4,-24804.0,2334.5,3.6,57.3
125,optimizer,3.96,47.56,152.1,0.0,2334.5,3.6,57.3
125,val_forward,84.67,254.02,3038.4,40.0,2334.5,3.6,57.3
125,val_metrics,2.27,6.82,204.0,0.0,2334.5,3.6,57.3
126,data_to_gpu,1.36,16.31,138.0,16.0,811.2,3.7,79.5
126,forward,84.16,1009.97,3905.4,24812.0,811.2,3.7,79.5
126,backward,341.95,4103.38,6212.4,-24804.0,811.2,3.7,79.5
126,optimizer,4.24,50.90,152.1,0.0,811.2,3.7,79.5
126,val_forward,84.65,253.95,3038.4,40.0,811.2,3.7,79.5
126,val_metrics,2.45,7.34,204.0,0.0,811.2,3.7,79.5
127,data_to_gpu,1.44,17.25,138.0,16.0,764.6,3.7,81.3
127,forward,84.18,1010.10,3905.4,24812.0,764.6,3.7,81.3
127,backward,391.05,4692.65,6212.4,-24804.0,764.6,3.7,81.3
127,optimizer,4.09,49.09,152.1,0.0,764.6,3.7,81.3
127,val_forward,84.85,254.56,3038.4,40.0,764.6,3.7,81.3
127,val_metrics,2.31,6.92,204.0,0.0,764.6,3.7,81.3
128,data_to_gpu,1.39,16.70,138.0,16.0,2755.7,3.9,54.2
128,forward,84.16,1009.92,3905.4,24812.0,2755.7,3.9,54.2
128,backward,221.02,2652.29,6212.4,-24804.0,2755.7,3.9,54.2
128,optimizer,4.07,48.79,152.1,0.0,2755.7,3.9,54.2
128,val_forward,84.85,254.55,3038.4,40.0,2755.7,3.9,54.2
128,val_metrics,2.34,7.02,204.0,0.0,2755.7,3.9,54.2
129,data_to_gpu,1.53,18.41,138.0,16.0,1453.2,3.8,71.1
129,forward,84.12,1009.49,3905.4,24812.0,1453.2,3.8,71.1
129,backward,312.48,3749.81,6212.4,-24804.0,1453.2,3.8,71.1
129,optimizer,4.22,50.60,152.1,0.0,1453.2,3.8,71.1
129,val_forward,84.60,253.79,3038.4,40.0,1453.2,3.8,71.1
129,val_metrics,2.26,6.78,204.0,0.0,1453.2,3.8,71.1
130,data_to_gpu,1.61,19.30,138.0,16.0,736.4,3.7,83.1
130,forward,84.15,1009.82,3905.4,24812.0,736.4,3.7,83.1
130,backward,448.14,5377.70,6212.4,-24804.0,736.4,3.7,83.1
130,optimizer,4.09,49.08,152.1,0.0,736.4,3.7,83.1
130,val_forward,84.62,253.87,3038.4,40.0,736.4,3.7,83.1
130,val_metrics,2.34,7.02,204.0,0.0,736.4,3.7,83.1
131,data_to_gpu,1.50,18.06,138.0,16.0,759.3,3.7,81.2
131,forward,84.12,1009.46,3905.4,24812.0,759.3,3.7,81.2
131,backward,369.26,4431.07,6212.4,-24804.0,759.3,3.7,81.2
131,optimizer,4.04,48.47,152.1,0.0,759.3,3.7,81.2
131,val_forward,84.68,254.03,3038.4,40.0,759.3,3.7,81.2
131,val_metrics,2.27,6.82,204.0,0.0,759.3,3.7,81.2
132,data_to_gpu,1.39,16.71,138.0,16.0,729.5,3.7,79.6
132,forward,84.15,1009.79,3905.4,24812.0,729.5,3.7,79.6
132,backward,317.83,3813.99,6212.4,-24804.0,729.5,3.7,79.6
132,optimizer,4.09,49.04,152.1,0.0,729.5,3.7,79.6
132,val_forward,84.73,254.19,3038.4,40.0,729.5,3.7,79.6
132,val_metrics,2.31,6.93,204.0,0.0,729.5,3.7,79.6
133,data_to_gpu,1.38,16.59,138.0,16.0,800.9,3.7,78.5
133,forward,84.13,1009.55,3905.4,24812.0,800.9,3.7,78.5
133,backward,308.47,3701.60,6212.4,-24804.0,800.9,3.7,78.5
133,optimizer,4.05,48.58,152.1,0.0,800.9,3.7,78.5
133,val_forward,84.90,254.71,3038.4,40.0,800.9,3.7,78.5
133,val_metrics,2.31,6.94,204.0,0.0,800.9,3.7,78.5
134,data_to_gpu,1.37,16.46,138.0,16.0,2238.7,3.3,60.3
134,forward,84.13,1009.51,3905.4,24812.0,2238.7,3.3,60.3
134,backward,253.21,3038.47,6212.4,-24804.0,2238.7,3.3,60.3
134,optimizer,4.22,50.69,152.1,0.0,2238.7,3.3,60.3
134,val_forward,84.76,254.27,3038.4,40.0,2238.7,3.3,60.3
134,val_metrics,2.36,7.09,204.0,0.0,2238.7,3.3,60.3
135,data_to_gpu,1.39,16.66,138.0,16.0,682.7,3.7,82.6
135,forward,84.13,1009.61,3905.4,24812.0,682.7,3.7,82.6
135,backward,391.32,4695.87,6212.4,-24804.0,682.7,3.7,82.6
135,optimizer,4.06,48.70,152.1,0.0,682.7,3.7,82.6
135,val_forward,84.87,254.60,3038.4,40.0,682.7,3.7,82.6
135,val_metrics,2.30,6.91,204.0,0.0,682.7,3.7,82.6
136,data_to_gpu,1.42,17.07,138.0,16.0,705.0,3.5,82.3
136,forward,84.16,1009.89,3905.4,24812.0,705.0,3.5,82.3
136,backward,451.05,5412.56,6212.4,-24804.0,705.0,3.5,82.3
136,optimizer,4.04,48.44,152.1,0.0,705.0,3.5,82.3
136,val_forward,84.76,254.27,3038.4,40.0,705.0,3.5,82.3
136,val_metrics,2.32,6.95,204.0,0.0,705.0,3.5,82.3
137,data_to_gpu,1.46,17.49,138.0,16.0,710.1,3.6,82.4
137,forward,84.11,1009.32,3905.4,24812.0,710.1,3.6,82.4
137,backward,397.32,4767.87,6212.4,-24804.0,710.1,3.6,82.4
137,optimizer,3.98,47.74,152.1,0.0,710.1,3.6,82.4
137,val_forward,84.61,253.84,3038.4,40.0,710.1,3.6,82.4
137,val_metrics,2.37,7.11,204.0,0.0,710.1,3.6,82.4
138,data_to_gpu,1.54,18.52,138.0,16.0,845.6,3.1,84.7
138,forward,84.16,1009.91,3905.4,24812.0,845.6,3.1,84.7
138,backward,538.35,6460.26,6212.4,-24804.0,845.6,3.1,84.7
138,optimizer,4.26,51.14,152.1,0.0,845.6,3.1,84.7
138,val_forward,84.74,254.23,3038.4,40.0,845.6,3.1,84.7
138,val_metrics,2.34,7.01,204.0,0.0,845.6,3.1,84.7
139,data_to_gpu,1.28,15.41,138.0,16.0,1468.9,3.9,72.9
139,forward,84.18,1010.14,3905.4,24812.0,1468.9,3.9,72.9
139,backward,352.28,4227.41,6212.4,-24804.0,1468.9,3.9,72.9
139,optimizer,4.47,53.59,152.1,0.0,1468.9,3.9,72.9
139,val_forward,84.60,253.79,3038.4,40.0,1468.9,3.9,72.9
139,val_metrics,2.36,7.07,204.0,0.0,1468.9,3.9,72.9
140,data_to_gpu,1.31,15.70,138.0,16.0,3398.1,3.6,49.7
140,forward,84.18,1010.11,3905.4,24812.0,3398.1,3.6,49.7
140,backward,219.48,2633.72,6212.4,-24804.0,3398.1,3.6,49.7
140,optimizer,4.57,54.85,152.1,0.0,3398.1,3.6,49.7
140,val_forward,84.74,254.21,3038.4,40.0,3398.1,3.6,49.7
140,val_metrics,2.40,7.20,204.0,0.0,3398.1,3.6,49.7
141,data_to_gpu,1.46,17.48,138.0,16.0,748.5,3.8,81.1
141,forward,84.17,1010.05,3905.4,24812.0,748.5,3.8,81.1
141,backward,380.49,4565.84,6212.4,-24804.0,748.5,3.8,81.1
141,optimizer,4.21,50.53,152.1,0.0,748.5,3.8,81.1
141,val_forward,84.98,254.94,3038.4,40.0,748.5,3.8,81.1
141,val_metrics,2.34,7.01,204.0,0.0,748.5,3.8,81.1
142,data_to_gpu,1.54,18.43,138.0,16.0,720.7,3.9,81.4
142,forward,84.13,1009.60,3905.4,24812.0,720.7,3.9,81.4
142,backward,383.73,4604.75,6212.4,-24804.0,720.7,3.9,81.4
142,optimizer,4.27,51.20,152.1,0.0,720.7,3.9,81.4
142,val_forward,84.73,254.20,3038.4,40.0,720.7,3.9,81.4
142,val_metrics,2.28,6.85,204.0,0.0,720.7,3.9,81.4
143,data_to_gpu,1.49,17.89,138.0,16.0,680.0,4.8,82.2
143,forward,84.14,1009.66,3905.4,24812.0,680.0,4.8,82.2
143,backward,371.48,4457.80,6212.4,-24804.0,680.0,4.8,82.2
143,optimizer,4.33,51.92,152.1,0.0,680.0,4.8,82.2
143,val_forward,84.76,254.27,3038.4,40.0,680.0,4.8,82.2
143,val_metrics,2.34,7.03,204.0,0.0,680.0,4.8,82.2
144,data_to_gpu,1.41,16.96,138.0,16.0,1061.3,3.8,76.3
144,forward,84.19,1010.29,3905.4,24812.0,1061.3,3.8,76.3
144,backward,339.28,4071.35,6212.4,-24804.0,1061.3,3.8,76.3
144,optimizer,4.60,55.19,152.1,0.0,1061.3,3.8,76.3
144,val_forward,84.87,254.61,3038.4,40.0,1061.3,3.8,76.3
144,val_metrics,2.31,6.92,204.0,0.0,1061.3,3.8,76.3
145,data_to_gpu,1.50,18.03,138.0,16.0,1408.1,4.1,74.1
145,forward,84.18,1010.22,3905.4,24812.0,1408.1,4.1,74.1
145,backward,360.72,4328.62,6212.4,-24804.0,1408.1,4.1,74.1
145,optimizer,4.09,49.07,152.1,0.0,1408.1,4.1,74.1
145,val_forward,84.76,254.27,3038.4,40.0,1408.1,4.1,74.1
145,val_metrics,2.34,7.03,204.0,0.0,1408.1,4.1,74.1
146,data_to_gpu,1.49,17.92,138.0,16.0,2299.5,4.0,60.6
146,forward,84.12,1009.39,3905.4,24812.0,2299.5,4.0,60.6
146,backward,262.10,3145.21,6212.4,-24804.0,2299.5,4.0,60.6
146,optimizer,4.01,48.08,152.1,0.0,2299.5,4.0,60.6
146,val_forward,84.76,254.29,3038.4,40.0,2299.5,4.0,60.6
146,val_metrics,2.29,6.86,204.0,0.0,2299.5,4.0,60.6
147,data_to_gpu,1.46,17.57,138.0,16.0,801.9,3.9,82.9
147,forward,84.14,1009.71,3905.4,24812.0,801.9,3.9,82.9
147,backward,446.89,5362.66,6212.4,-24804.0,801.9,3.9,82.9
147,optimizer,4.10,49.18,152.1,0.0,801.9,3.9,82.9
147,val_forward,84.62,253.87,3038.4,40.0,801.9,3.9,82.9
147,val_metrics,2.37,7.12,204.0,0.0,801.9,3.9,82.9
148,data_to_gpu,1.43,17.11,138.0,16.0,829.6,4.1,79.5
148,forward,84.16,1009.88,3905.4,24812.0,829.6,4.1,79.5
148,backward,363.34,4360.04,6212.4,-24804.0,829.6,4.1,79.5
148,optimizer,4.18,50.15,152.1,0.0,829.6,4.1,79.5
148,val_forward,84.60,253.80,3038.4,40.0,829.6,4.1,79.5
148,val_metrics,2.30,6.90,204.0,0.0,829.6,4.1,79.5
149,data_to_gpu,1.36,16.29,138.0,16.0,878.1,3.5,79.6
149,forward,84.14,1009.73,3905.4,24812.0,878.1,3.5,79.6
149,backward,362.89,4354.71,6212.4,-24804.0,878.1,3.5,79.6
149,optimizer,4.16,49.92,152.1,0.0,878.1,3.5,79.6
149,val_forward,84.75,254.25,3038.4,40.0,878.1,3.5,79.6
149,val_metrics,2.33,6.99,204.0,0.0,878.1,3.5,79.6
150,data_to_gpu,1.38,16.55,138.0,16.0,765.0,3.6,81.3
150,forward,84.12,1009.47,3905.4,24812.0,765.0,3.6,81.3
150,backward,385.74,4628.83,6212.4,-24804.0,765.0,3.6,81.3
150,optimizer,3.95,47.35,152.1,0.0,765.0,3.6,81.3
150,val_forward,84.75,254.25,3038.4,40.0,765.0,3.6,81.3
150,val_metrics,2.24,6.72,204.0,0.0,765.0,3.6,81.3
151,data_to_gpu,1.47,17.64,138.0,16.0,2391.7,3.4,59.5
151,forward,84.12,1009.47,3905.4,24812.0,2391.7,3.4,59.5
151,backward,254.18,3050.16,6212.4,-24804.0,2391.7,3.4,59.5
151,optimizer,4.01,48.17,152.1,0.0,2391.7,3.4,59.5
151,val_forward,84.77,254.31,3038.4,40.0,2391.7,3.4,59.5
151,val_metrics,2.30,6.89,204.0,0.0,2391.7,3.4,59.5
152,data_to_gpu,1.59,19.08,138.0,16.0,3065.2,3.6,52.0
152,forward,84.10,1009.25,3905.4,24812.0,3065.2,3.6,52.0
152,backward,218.56,2622.75,6212.4,-24804.0,3065.2,3.6,52.0
152,optimizer,3.95,47.37,152.1,0.0,3065.2,3.6,52.0
152,val_forward,84.74,254.23,3038.4,40.0,3065.2,3.6,52.0
152,val_metrics,2.27,6.81,204.0,0.0,3065.2,3.6,52.0
153,data_to_gpu,1.51,18.07,138.0,16.0,1361.7,4.4,73.5
153,forward,84.18,1010.10,3905.4,24812.0,1361.7,4.4,73.5
153,backward,335.77,4029.30,6212.4,-24804.0,1361.7,4.4,73.5
153,optimizer,4.17,50.04,152.1,0.0,1361.7,4.4,73.5
153,val_forward,84.60,253.79,3038.4,40.0,1361.7,4.4,73.5
153,val_metrics,2.32,6.96,204.0,0.0,1361.7,4.4,73.5
154,data_to_gpu,1.62,19.43,138.0,16.0,831.6,3.5,80.1
154,forward,84.14,1009.64,3905.4,24812.0,831.6,3.5,80.1
154,backward,369.39,4432.74,6212.4,-24804.0,831.6,3.5,80.1
154,optimizer,4.04,48.52,152.1,0.0,831.6,3.5,80.1
154,val_forward,84.75,254.25,3038.4,40.0,831.6,3.5,80.1
154,val_metrics,2.28,6.83,204.0,0.0,831.6,3.5,80.1
155,data_to_gpu,1.52,18.19,138.0,16.0,906.2,3.5,79.9
155,forward,84.14,1009.65,3905.4,24812.0,906.2,3.5,79.9
155,backward,382.35,4588.25,6212.4,-24804.0,906.2,3.5,79.9
155,optimizer,4.12,49.39,152.1,0.0,906.2,3.5,79.9
155,val_forward,84.81,254.42,3038.4,40.0,906.2,3.5,79.9
155,val_metrics,2.31,6.93,204.0,0.0,906.2,3.5,79.9
156,data_to_gpu,1.30,15.57,138.0,16.0,763.1,4.0,79.8
156,forward,84.14,1009.69,3905.4,24812.0,763.1,4.0,79.8
156,backward,337.51,4050.09,6212.4,-24804.0,763.1,4.0,79.8
156,optimizer,4.11,49.27,152.1,0.0,763.1,4.0,79.8
156,val_forward,84.58,253.74,3038.4,40.0,763.1,4.0,79.8
156,val_metrics,2.39,7.16,204.0,0.0,763.1,4.0,79.8
157,data_to_gpu,1.41,16.94,138.0,16.0,1394.4,3.7,72.0
157,forward,84.13,1009.61,3905.4,24812.0,1394.4,3.7,72.0
157,backward,314.29,3771.43,6212.4,-24804.0,1394.4,3.7,72.0
157,optimizer,4.15,49.86,152.1,0.0,1394.4,3.7,72.0
157,val_forward,84.61,253.84,3038.4,40.0,1394.4,3.7,72.0
157,val_metrics,2.33,6.98,204.0,0.0,1394.4,3.7,72.0
158,data_to_gpu,1.59,19.09,138.0,16.0,747.9,3.0,80.6
158,forward,84.18,1010.19,3905.4,24812.0,747.9,3.0,80.6
158,backward,345.10,4141.22,6212.4,-24804.0,747.9,3.0,80.6
158,optimizer,4.27,51.23,152.1,0.0,747.9,3.0,80.6
158,val_forward,84.74,254.22,3038.4,40.0,747.9,3.0,80.6
158,val_metrics,2.41,7.24,204.0,0.0,747.9,3.0,80.6
159,data_to_gpu,1.59,19.10,138.0,16.0,2397.7,3.6,59.1
159,forward,84.10,1009.24,3905.4,24812.0,2397.7,3.6,59.1
159,backward,246.95,2963.34,6212.4,-24804.0,2397.7,3.6,59.1
159,optimizer,4.06,48.68,152.1,0.0,2397.7,3.6,59.1
159,val_forward,84.75,254.25,3038.4,40.0,2397.7,3.6,59.1
159,val_metrics,2.25,6.76,204.0,0.0,2397.7,3.6,59.1
160,data_to_gpu,1.48,17.80,138.0,16.0,799.8,3.6,81.6
160,forward,84.11,1009.35,3905.4,24812.0,799.8,3.6,81.6
160,backward,396.42,4757.05,6212.4,-24804.0,799.8,3.6,81.6
160,optimizer,4.01,48.13,152.1,0.0,799.8,3.6,81.6
160,val_forward,84.63,253.90,3038.4,40.0,799.8,3.6,81.6
160,val_metrics,2.27,6.81,204.0,0.0,799.8,3.6,81.6
161,data_to_gpu,1.40,16.78,138.0,16.0,2268.2,4.3,59.5
161,forward,84.17,1009.98,3905.4,24812.0,2268.2,4.3,59.5
161,backward,238.49,2861.84,6212.4,-24804.0,2268.2,4.3,59.5
161,optimizer,4.11,49.37,152.1,0.0,2268.2,4.3,59.5
161,val_forward,84.83,254.48,3038.4,40.0,2268.2,4.3,59.5
161,val_metrics,2.48,7.45,204.0,0.0,2268.2,4.3,59.5
162,data_to_gpu,1.68,20.15,138.0,16.0,2447.5,3.4,58.8
162,forward,84.12,1009.49,3905.4,24812.0,2447.5,3.4,58.8
162,backward,248.68,2984.10,6212.4,-24804.0,2447.5,3.4,58.8
162,optimizer,3.97,47.59,152.1,0.0,2447.5,3.4,58.8
162,val_forward,84.76,254.29,3038.4,40.0,2447.5,3.4,58.8
162,val_metrics,2.27,6.82,204.0,0.0,2447.5,3.4,58.8
163,data_to_gpu,1.52,18.22,138.0,16.0,847.2,3.7,79.9
163,forward,84.11,1009.33,3905.4,24812.0,847.2,3.7,79.9
163,backward,359.64,4315.65,6212.4,-24804.0,847.2,3.7,79.9
163,optimizer,4.13,49.54,152.1,0.0,847.2,3.7,79.9
163,val_forward,84.81,254.42,3038.4,40.0,847.2,3.7,79.9
163,val_metrics,2.27,6.81,204.0,0.0,847.2,3.7,79.9
164,data_to_gpu,1.33,15.98,138.0,16.0,3017.7,3.3,52.2
164,forward,84.17,1010.03,3905.4,24812.0,3017.7,3.3,52.2
164,backward,218.44,2621.32,6212.4,-24804.0,3017.7,3.3,52.2
164,optimizer,4.60,55.25,152.1,0.0,3017.7,3.3,52.2
164,val_forward,84.79,254.36,3038.4,40.0,3017.7,3.3,52.2
164,val_metrics,2.28,6.83,204.0,0.0,3017.7,3.3,52.2
165,data_to_gpu,1.29,15.51,138.0,16.0,916.0,4.4,78.1
165,forward,84.24,1010.86,3905.4,24812.0,916.0,4.4,78.1
165,backward,338.22,4058.62,6212.4,-24804.0,916.0,4.4,78.1
165,optimizer,4.23,50.75,152.1,0.0,916.0,4.4,78.1
165,val_forward,84.84,254.52,3038.4,40.0,916.0,4.4,78.1
165,val_metrics,2.34,7.02,204.0,0.0,916.0,4.4,78.1
166,data_to_gpu,1.57,18.79,138.0,16.0,777.9,3.8,80.2
166,forward,84.15,1009.80,3905.4,24812.0,777.9,3.8,80.2
166,backward,361.13,4333.59,6212.4,-24804.0,777.9,3.8,80.2
166,optimizer,4.07,48.79,152.1,0.0,777.9,3.8,80.2
166,val_forward,84.62,253.87,3038.4,40.0,777.9,3.8,80.2
166,val_metrics,2.36,7.09,204.0,0.0,777.9,3.8,80.2
167,data_to_gpu,1.35,16.24,138.0,16.0,1911.2,3.8,65.1
167,forward,84.13,1009.59,3905.4,24812.0,1911.2,3.8,65.1
167,backward,282.76,3393.10,6212.4,-24804.0,1911.2,3.8,65.1
167,optimizer,4.10,49.15,152.1,0.0,1911.2,3.8,65.1
167,val_forward,84.70,254.11,3038.4,40.0,1911.2,3.8,65.1
167,val_metrics,2.32,6.95,204.0,0.0,1911.2,3.8,65.1
168,data_to_gpu,1.49,17.84,138.0,16.0,857.1,3.6,78.6
168,forward,84.15,1009.85,3905.4,24812.0,857.1,3.6,78.6
168,backward,328.42,3941.09,6212.4,-24804.0,857.1,3.6,78.6
168,optimizer,4.04,48.43,152.1,0.0,857.1,3.6,78.6
168,val_forward,84.79,254.36,3038.4,40.0,857.1,3.6,78.6
168,val_metrics,2.31,6.94,204.0,0.0,857.1,3.6,78.6
169,data_to_gpu,1.44,17.29,138.0,16.0,1424.8,3.5,72.7
169,forward,84.18,1010.11,3905.4,24812.0,1424.8,3.5,72.7
169,backward,331.73,3980.78,6212.4,-24804.0,1424.8,3.5,72.7
169,optimizer,4.22,50.59,152.1,0.0,1424.8,3.5,72.7
169,val_forward,84.82,254.45,3038.4,40.0,1424.8,3.5,72.7
169,val_metrics,2.32,6.96,204.0,0.0,1424.8,3.5,72.7
170,data_to_gpu,1.43,17.15,138.0,16.0,840.8,3.9,80.7
170,forward,84.11,1009.36,3905.4,24812.0,840.8,3.9,80.7
170,backward,392.32,4707.79,6212.4,-24804.0,840.8,3.9,80.7
170,optimizer,4.10,49.18,152.1,0.0,840.8,3.9,80.7
170,val_forward,84.62,253.87,3038.4,40.0,840.8,3.9,80.7
170,val_metrics,2.33,6.98,204.0,0.0,840.8,3.9,80.7
171,data_to_gpu,1.28,15.33,138.0,16.0,860.9,3.5,78.9
171,forward,84.24,1010.91,3905.4,24812.0,860.9,3.5,78.9
171,backward,341.75,4100.99,6212.4,-24804.0,860.9,3.5,78.9
171,optimizer,4.49,53.83,152.1,0.0,860.9,3.5,78.9
171,val_forward,84.72,254.16,3038.4,40.0,860.9,3.5,78.9
171,val_metrics,2.27,6.80,204.0,0.0,860.9,3.5,78.9
172,data_to_gpu,1.37,16.44,138.0,16.0,2308.3,2.7,58.3
172,forward,84.10,1009.26,3905.4,24812.0,2308.3,2.7,58.3
172,backward,227.43,2729.11,6212.4,-24804.0,2308.3,2.7,58.3
172,optimizer,4.28,51.37,152.1,0.0,2308.3,2.7,58.3
172,val_forward,84.73,254.20,3038.4,40.0,2308.3,2.7,58.3
172,val_metrics,2.33,6.99,204.0,0.0,2308.3,2.7,58.3
173,data_to_gpu,1.46,17.52,138.0,16.0,2423.4,3.6,59.0
173,forward,84.18,1010.17,3905.4,24812.0,2423.4,3.6,59.0
173,backward,253.48,3041.80,6212.4,-24804.0,2423.4,3.6,59.0
173,optimizer,4.11,49.33,152.1,0.0,2423.4,3.6,59.0
173,val_forward,84.85,254.55,3038.4,40.0,2423.4,3.6,59.0
173,val_metrics,2.32,6.96,204.0,0.0,2423.4,3.6,59.0
174,data_to_gpu,1.41,16.95,138.0,16.0,887.6,3.9,79.6
174,forward,84.13,1009.50,3905.4,24812.0,887.6,3.9,79.6
174,backward,372.71,4472.52,6212.4,-24804.0,887.6,3.9,79.6
174,optimizer,4.09,49.14,152.1,0.0,887.6,3.9,79.6
174,val_forward,84.73,254.20,3038.4,40.0,887.6,3.9,79.6
174,val_metrics,2.32,6.96,204.0,0.0,887.6,3.9,79.6
175,data_to_gpu,1.37,16.48,138.0,16.0,1898.7,3.3,63.7
175,forward,84.18,1010.19,3905.4,24812.0,1898.7,3.3,63.7
175,backward,253.64,3043.72,6212.4,-24804.0,1898.7,3.3,63.7
175,optimizer,4.54,54.53,152.1,0.0,1898.7,3.3,63.7
175,val_forward,84.80,254.41,3038.4,40.0,1898.7,3.3,63.7
175,val_metrics,2.29,6.88,204.0,0.0,1898.7,3.3,63.7
176,data_to_gpu,1.44,17.29,138.0,16.0,1388.2,3.3,72.5
176,forward,84.24,1010.94,3905.4,24812.0,1388.2,3.3,72.5
176,backward,323.86,3886.30,6212.4,-24804.0,1388.2,3.3,72.5
176,optimizer,4.51,54.16,152.1,0.0,1388.2,3.3,72.5
176,val_forward,84.74,254.23,3038.4,40.0,1388.2,3.3,72.5
176,val_metrics,2.48,7.44,204.0,0.0,1388.2,3.3,72.5
177,data_to_gpu,1.54,18.47,138.0,16.0,873.0,2.8,80.5
177,forward,84.15,1009.86,3905.4,24812.0,873.0,2.8,80.5
177,backward,390.57,4686.88,6212.4,-24804.0,873.0,2.8,80.5
177,optimizer,4.12,49.47,152.1,0.0,873.0,2.8,80.5
177,val_forward,84.74,254.22,3038.4,40.0,873.0,2.8,80.5
177,val_metrics,2.32,6.96,204.0,0.0,873.0,2.8,80.5
178,data_to_gpu,1.53,18.38,138.0,16.0,2771.6,3.1,54.2
178,forward,84.12,1009.46,3905.4,24812.0,2771.6,3.1,54.2
178,backward,218.44,2621.23,6212.4,-24804.0,2771.6,3.1,54.2
178,optimizer,4.14,49.64,152.1,0.0,2771.6,3.1,54.2
178,val_forward,84.76,254.27,3038.4,40.0,2771.6,3.1,54.2
178,val_metrics,2.29,6.87,204.0,0.0,2771.6,3.1,54.2
179,data_to_gpu,1.37,16.42,138.0,16.0,753.0,3.7,81.5
179,forward,84.14,1009.72,3905.4,24812.0,753.0,3.7,81.5
179,backward,378.44,4541.23,6212.4,-24804.0,753.0,3.7,81.5
179,optimizer,4.87,58.48,152.1,0.0,753.0,3.7,81.5
179,val_forward,84.78,254.35,3038.4,40.0,753.0,3.7,81.5
179,val_metrics,2.56,7.69,204.0,0.0,753.0,3.7,81.5
180,data_to_gpu,1.23,14.82,138.0,16.0,948.2,3.8,78.6
180,forward,84.14,1009.71,3905.4,24812.0,948.2,3.8,78.6
180,backward,353.62,4243.49,6212.4,-24804.0,948.2,3.8,78.6
180,optimizer,4.12,49.41,152.1,0.0,948.2,3.8,78.6
180,val_forward,84.66,253.97,3038.4,40.0,948.2,3.8,78.6
180,val_metrics,2.41,7.22,204.0,0.0,948.2,3.8,78.6
181,data_to_gpu,1.34,16.14,138.0,16.0,989.7,4.1,78.6
181,forward,84.18,1010.15,3905.4,24812.0,989.7,4.1,78.6
181,backward,373.27,4479.30,6212.4,-24804.0,989.7,4.1,78.6
181,optimizer,4.23,50.78,152.1,0.0,989.7,4.1,78.6
181,val_forward,84.71,254.13,3038.4,40.0,989.7,4.1,78.6
181,val_metrics,2.25,6.75,204.0,0.0,989.7,4.1,78.6
182,data_to_gpu,1.28,15.33,138.0,16.0,900.1,4.3,78.5
182,forward,84.21,1010.50,3905.4,24812.0,900.1,4.3,78.5
182,backward,346.31,4155.76,6212.4,-24804.0,900.1,4.3,78.5
182,optimizer,4.61,55.26,152.1,0.0,900.1,4.3,78.5
182,val_forward,84.64,253.92,3038.4,40.0,900.1,4.3,78.5
182,val_metrics,2.34,7.03,204.0,0.0,900.1,4.3,78.5
183,data_to_gpu,1.43,17.12,138.0,16.0,1116.3,4.1,74.4
183,forward,84.19,1010.24,3905.4,24812.0,1116.3,4.1,74.4
183,backward,303.11,3637.35,6212.4,-24804.0,1116.3,4.1,74.4
183,optimizer,4.22,50.59,152.1,0.0,1116.3,4.1,74.4
183,val_forward,84.61,253.84,3038.4,40.0,1116.3,4.1,74.4
183,val_metrics,2.51,7.53,204.0,0.0,1116.3,4.1,74.4
184,data_to_gpu,1.44,17.32,138.0,16.0,2293.6,4.9,59.9
184,forward,84.23,1010.70,3905.4,24812.0,2293.6,4.9,59.9
184,backward,249.18,2990.20,6212.4,-24804.0,2293.6,4.9,59.9
184,optimizer,4.52,54.29,152.1,0.0,2293.6,4.9,59.9
184,val_forward,84.81,254.42,3038.4,40.0,2293.6,4.9,59.9
184,val_metrics,2.41,7.23,204.0,0.0,2293.6,4.9,59.9
185,data_to_gpu,1.35,16.25,138.0,16.0,979.3,3.6,76.8
185,forward,84.19,1010.24,3905.4,24812.0,979.3,3.6,76.8
185,backward,323.27,3879.29,6212.4,-24804.0,979.3,3.6,76.8
185,optimizer,4.88,58.57,152.1,0.0,979.3,3.6,76.8
185,val_forward,85.08,255.25,3038.4,40.0,979.3,3.6,76.8
185,val_metrics,2.38,7.13,204.0,0.0,979.3,3.6,76.8
186,data_to_gpu,1.48,17.76,138.0,16.0,2724.6,3.2,54.4
186,forward,84.14,1009.69,3905.4,24812.0,2724.6,3.2,54.4
186,backward,218.08,2616.97,6212.4,-24804.0,2724.6,3.2,54.4
186,optimizer,4.39,52.69,152.1,0.0,2724.6,3.2,54.4
186,val_forward,84.77,254.32,3038.4,40.0,2724.6,3.2,54.4
186,val_metrics,2.38,7.14,204.0,0.0,2724.6,3.2,54.4
187,data_to_gpu,1.34,16.08,138.0,16.0,1562.4,5.0,68.3
187,forward,84.15,1009.77,3905.4,24812.0,1562.4,5.0,68.3
187,backward,282.91,3394.91,6212.4,-24804.0,1562.4,5.0,68.3
187,optimizer,4.37,52.44,152.1,0.0,1562.4,5.0,68.3
187,val_forward,84.73,254.18,3038.4,40.0,1562.4,5.0,68.3
187,val_metrics,2.28,6.83,204.0,0.0,1562.4,5.0,68.3
188,data_to_gpu,1.26,15.13,138.0,16.0,1558.3,3.9,68.6
188,forward,84.16,1009.95,3905.4,24812.0,1558.3,3.9,68.6
188,backward,277.56,3330.66,6212.4,-24804.0,1558.3,3.9,68.6
188,optimizer,4.79,57.44,152.1,0.0,1558.3,3.9,68.6
188,val_forward,84.93,254.78,3038.4,40.0,1558.3,3.9,68.6
188,val_metrics,2.40,7.21,204.0,0.0,1558.3,3.9,68.6
189,data_to_gpu,1.28,15.40,138.0,16.0,903.9,2.8,80.2
189,forward,84.14,1009.65,3905.4,24812.0,903.9,2.8,80.2
189,backward,386.06,4632.77,6212.4,-24804.0,903.9,2.8,80.2
189,optimizer,4.57,54.81,152.1,0.0,903.9,2.8,80.2
189,val_forward,84.88,254.65,3038.4,40.0,903.9,2.8,80.2
189,val_metrics,2.41,7.23,204.0,0.0,903.9,2.8,80.2
190,data_to_gpu,1.51,18.11,138.0,16.0,3029.9,3.6,53.4
190,forward,84.22,1010.63,3905.4,24812.0,3029.9,3.6,53.4
190,backward,218.24,2618.86,6212.4,-24804.0,3029.9,3.6,53.4
190,optimizer,19.50,233.96,152.1,0.0,3029.9,3.6,53.4
190,val_forward,84.79,254.38,3038.4,40.0,3029.9,3.6,53.4
190,val_metrics,2.31,6.92,204.0,0.0,3029.9,3.6,53.4
191,data_to_gpu,1.46,17.47,138.0,16.0,891.6,4.2,80.2
191,forward,84.17,1010.00,3905.4,24812.0,891.6,4.2,80.2
191,backward,389.54,4674.53,6212.4,-24804.0,891.6,4.2,80.2
191,optimizer,4.04,48.45,152.1,0.0,891.6,4.2,80.2
191,val_forward,84.92,254.77,3038.4,40.0,891.6,4.2,80.2
191,val_metrics,2.33,7.00,204.0,0.0,891.6,4.2,80.2
192,data_to_gpu,1.57,18.80,138.0,16.0,2275.6,3.7,62.8
192,forward,84.13,1009.54,3905.4,24812.0,2275.6,3.7,62.8
192,backward,289.90,3478.83,6212.4,-24804.0,2275.6,3.7,62.8
192,optimizer,3.97,47.65,152.1,0.0,2275.6,3.7,62.8
192,val_forward,84.73,254.20,3038.4,40.0,2275.6,3.7,62.8
192,val_metrics,2.30,6.89,204.0,0.0,2275.6,3.7,62.8
193,data_to_gpu,1.21,14.52,138.0,16.0,3161.0,3.5,51.2
193,forward,84.14,1009.69,3905.4,24812.0,3161.0,3.5,51.2
193,backward,218.29,2619.53,6212.4,-24804.0,3161.0,3.5,51.2
193,optimizer,4.73,56.75,152.1,0.0,3161.0,3.5,51.2
193,val_forward,85.05,255.15,3038.4,40.0,3161.0,3.5,51.2
193,val_metrics,2.44,7.31,204.0,0.0,3161.0,3.5,51.2
194,data_to_gpu,1.39,16.70,138.0,16.0,845.2,3.5,80.4
194,forward,84.21,1010.53,3905.4,24812.0,845.2,3.5,80.4
194,backward,375.89,4510.63,6212.4,-24804.0,845.2,3.5,80.4
194,optimizer,4.74,56.89,152.1,0.0,845.2,3.5,80.4
194,val_forward,84.72,254.17,3038.4,40.0,845.2,3.5,80.4
194,val_metrics,2.41,7.22,204.0,0.0,845.2,3.5,80.4
195,data_to_gpu,1.32,15.82,138.0,16.0,1456.5,3.1,70.9
195,forward,84.19,1010.29,3905.4,24812.0,1456.5,3.1,70.9
195,backward,308.07,3696.79,6212.4,-24804.0,1456.5,3.1,70.9
195,optimizer,4.77,57.25,152.1,0.0,1456.5,3.1,70.9
195,val_forward,84.70,254.09,3038.4,40.0,1456.5,3.1,70.9
195,val_metrics,2.37,7.10,204.0,0.0,1456.5,3.1,70.9
196,data_to_gpu,1.51,18.11,138.0,16.0,3212.7,3.4,50.9
196,forward,84.13,1009.61,3905.4,24812.0,3212.7,3.4,50.9
196,backward,219.10,2629.23,6212.4,-24804.0,3212.7,3.4,50.9
196,optimizer,4.43,53.14,152.1,0.0,3212.7,3.4,50.9
196,val_forward,84.75,254.24,3038.4,40.0,3212.7,3.4,50.9
196,val_metrics,2.45,7.36,204.0,0.0,3212.7,3.4,50.9
197,data_to_gpu,1.29,15.47,138.0,16.0,1653.0,3.1,69.9
197,forward,84.17,1010.00,3905.4,24812.0,1653.0,3.1,69.9
197,backward,325.98,3911.77,6212.4,-24804.0,1653.0,3.1,69.9
197,optimizer,4.81,57.75,152.1,0.0,1653.0,3.1,69.9
197,val_forward,84.79,254.36,3038.4,40.0,1653.0,3.1,69.9
197,val_metrics,2.47,7.41,204.0,0.0,1653.0,3.1,69.9
198,data_to_gpu,1.23,14.74,138.0,16.0,2475.7,3.9,59.3
198,forward,84.17,1009.99,3905.4,24812.0,2475.7,3.9,59.3
198,backward,257.24,3086.91,6212.4,-24804.0,2475.7,3.9,59.3
198,optimizer,5.27,63.25,152.1,0.0,2475.7,3.9,59.3
198,val_forward,84.82,254.47,3038.4,40.0,2475.7,3.9,59.3
198,val_metrics,2.29,6.88,204.0,0.0,2475.7,3.9,59.3
199,data_to_gpu,1.34,16.10,138.0,16.0,2292.1,3.7,59.6
199,forward,84.23,1010.81,3905.4,24812.0,2292.1,3.7,59.6
199,backward,239.11,2869.30,6212.4,-24804.0,2292.1,3.7,59.6
199,optimizer,4.84,58.03,152.1,0.0,2292.1,3.7,59.6
199,val_forward,84.84,254.53,3038.4,40.0,2292.1,3.7,59.6
199,val_metrics,2.31,6.93,204.0,0.0,2292.1,3.7,59.6
